track_id,pageviews
58XWGx7KNNkKneHdprcprX,156445.0
2AmEv442DGwSxMGZ9XEvBA,240755.0
6J17MkMmuzBiIOjRH6MOBZ,36606.0
4Y7fEQ4PAzhlLnLviRw2P4,345949.0
0RVeadY2MbHz4Pe4MreLNw,53840.0
2Cdvbe2G4hZsnhNMKyGrie,209028.0
2374M0fQpWi3dLnB54qaLX,2097795.0
7snQQk1zcKl8gZ92AnueZW,2766915.0
47uCfpxZHga6d3eio3pSoz,7331.0
0xaNdYwK8ZF3cHSjraQGC0,270460.0
4RvWPyQ5RL0ao9LPZeSouE,4065743.0
2SiXAy7TuUkycRVbbWDEpo,404916.0
4Yqy0GpeDEXLibWJCZyQew,408226.0
11IzgLRXV7Cgek3tEgGgjw,30517.0
6eN1f9KNmiWEhpE2RhQqB5,328284.0
7j74lucZ59vqN67Ipe2ZcY,619788.0
08mG3Y1vljYA6bvDt4Wqkj,596017.0
0G21yYKMZoHa30cYVi1iA8,1100756.0
0DfG1ltJnZyq4Tx3ZLL7ZU,162377.0
0LAcM6I7ijW4VVW0aytl1t,16648.0
4o6BgsqLIBViaGVbx5rbRk,780504.0
2KH16WveTQWT6KOG9Rg6e2,665664.0
37ZJ0p5Jm13JPevGcx4SkF,787288.0
51YZAJhOwIC5Gg3jMbAmhZ,7535.0
19Ym5Sg0YyOCa6ao21bdoG,293078.0
0ee1DiZF94NSqqpG0XHUzH,787288.0
3J9NEWkd9Cx1MwSSvDySkL,16682.0
5Hk4Mpex0s2ndUpDQ5v2rU,13510.0
64ywvJE5j3PmRHzuah2WKR,39128.0
2zFdsAIk9r2Mi7Lmm1w3sM,30517.0
2TofEeQobQ9YoK7EFds698,755102.0
76GlO5H5RT6g7y0gev86Nk,600571.0
7gSQv1OHpkIoAdUiRLdmI6,349076.0
69QHm3pustz01CJRwdo20z,368672.0
4TIJ7zSBNejpoIPaWpWRKc,523067.0
2SHTKB8YYlawTGIuJ2b2ok,932098.0
7wCmS9TTVUcIhRalDYFgPy,107740.0
7b4yGtR0rujvLi5EBfKKJ2,340847.0
64UioB4Nmwgn2f4cbIpAkl,274668.0
0C80GCp0mMuBzLf3EAXqxv,112460.0
7N3PAbqfTjSEU1edb2tY8j,30517.0
05RgAMGypEvqhNs5hPCbMS,30517.0
0rmGAIH9LNJewFw7nKzZnc,755103.0
2OgVsp77En2nju8pnCieVU,99132.0
1KU5EHSz04JhGg3rReGJ0N,388617.0
37BTh5g05cxBIRYMbw8g2T,304132.0
2RWFncSWZEhSRRifqiDNVV,220808.0
3439OLNIeD3y68kVuoZUO5,241305.0
43btz2xjMKpcmjkuRsvxyg,956416.0
3L7RtEcu1Hw3OXrpnthngx,299778.0
7BVMXNnQSswMX8IJeZUb5T,49130.0
1MkoCFGbhPQIDI5lRdAheQ,311343.0
2pnPe4pJtq7689i5ydzvJJ,74551.0
3620P9KJS2PDebJ9ABFitc,354116.0
00qOE7OjRl0BpYiCiweZB2,87321.0
6s30tYL0EJbROLV4Yzsw0D,23862.0
5X79VgaOn8pDTpTKu3PixN,139985.0
3ZZq9396zv8pcn5GYVhxUi,1161788.0
1kvq7ksGQWSyRysYYNd6lu,194303.0
71SvEDmsOwIWw1IozsZoMA,153624.0
6wpGqhRvJGNNXwWlPmkMyO,391692.0
4rcHWl68ai6KvpXlc8vbnE,206322.0
18URo35acNKRTHfEdjTcGn,211514.0
7txxAtOMwLLnQTpKeBL6bp,274978.0
0GTK6TesV108Jj5D3MHsYb,103488.0
1SWmFiFSIBoDbQJjNKC7SR,145712.0
26fZwf1ImE4aUJ4XaqOkUg,67274.0
5tORtBzHUAnNrIw5Ql3kHZ,53331.0
5dnwXK73BDZ0H2L06ZrKcE,164013.0
5gys5nzVQIYhgHIfiOJYva,90830.0
5qxChyzKLEyoPJ5qGrdurN,204441.0
3uz0O62HqYoyRiWZjS61KK,111848.0
17lu4tymfnhmcIDlzBbtAb,45037.0
08zO0p5o1AGXMk5E8cvzyS,37210.0
5HQ639Z3ms3hnZx0KfWnkp,117386.0
1eyq8cjUQ2daFthW2PC2GM,345977.0
1ynmMEK1fkyiZ6Z6F3ThEt,260869.0
0dqGfCMAGyDgpUAgLNOjWd,69430.0
5NLuC70kZQv8q34QyQa1DP,198708.0
57P8gH8rjt4OqEoqzut1bL,85693.0
3vV3cr2TpPqFk07zxYUbla,189072.0
2YiCMmONQcoMPX2bV1LxE0,4065747.0
6pY88I8vkB0sY3Za4LuTYE,57266.0
6mYrhCAGWzTdF8QnKuchXM,388159.0
5BCykgPXc7zEBg2oU0klvy,136398.0
0ogTZlmFqg5xyFCMpRAEb4,33975.0
6s0NHplywwr1IjnQpUpWJk,150206.0
7h2yhVxcZOGyQdOwD4Hu8J,30517.0
0oerlffJSzhRVvtDfLcp3N,524929.0
0XHGKdViVybbZKqEZ2tXqV,545917.0
1KsI8NEeAna8ZIdojI3FiT,188207.0
3ieDOGcOqVxScs2VZBzidt,264848.0
3CIOopLwvyMvXk97ZEksKO,247183.0
6pPWRBubXOBAHnjl5ZIujB,173117.0
48p5E25cFPanxuwCTmTpuL,191009.0
29uKzagduhFDTWPCjqaGOg,81276.0
41dDygR3r7e926oGUXfrLt,291827.0
5LYJ631w9ps5h9tdvac7yP,102478.0
5XcZRgJv3zMhTqCyESjQrF,325684.0
72hcFp4tYkd3dbNA9dZ3Pv,44069.0
1OEoNpiyqBghuEUaT6Je6U,357920.0
2sIbHjfJ3nbMXNz4w03fWv,711835.0
2gQaQUhDCNGfBVXTvxAmXQ,238483.0
0rt4JtP7UgKdiUor9Ppir4,145486.0
3Dfy8YIxq89i84t108TvMi,42990.0
0TaT50ZZxT4ytZxuqkE3A9,30891.0
2avaSeKHI5l4sLruVfLdi2,20577.0
6rvldt6EoZwzogApECUCwd,41597.0
0LN5gIsS5tQSmRzQrHSaTR,98969.0
4IvZLDtwBHmBmwgDIUbuwa,251158.0
1aZLIbKEdsyqxyD6iNcrbA,278887.0
0qi4b1l0eT3jpzeNHeFXDT,115140.0
5J9sCTakcfbaO3Ez4ykjQJ,82977.0
4jhsuQCUCJKA5f0bXb6XdJ,76628.0
6gQUbFwwdYXlKdmqRoWKJe,139295.0
1xqVri47rxr9oRpUgJa8rf,232512.0
2HXixVqzzm9rEUIMAWzshl,58482.0
6QDbGdbJ57Mtkflsg42WV5,19139.0
5bnMKUXkMfYVXW8FjvFTuV,20577.0
5Jno63iv0mzu5OZ28asYbE,61743.0
2E2ZVy2fxslpAUgbb4zu84,105987.0
4rAnSE0E0f33unxXsQa5Fr,40770.0
383Xl5QTigwj3QiA3Qc6S7,677420.0
4pmNJH9lNCh9Qp88L2CRJU,76137.0
4kRMsLX7bJqjIfK44qJ9h6,38092.0
08onVqQ8YicJ98Ycm1qoLf,44863.0
0RAn8LOs5QVMLy2xH30bUj,25151.0
5JKQMoGmXwDHCodn5pFVHB,218562.0
0PNt5WTw092eED0ru9SuIp,296975.0
5nN1jGnCadYk1jYm6oV5zN,65719.0
5dXED6MP1v1qghkaniirb1,33116.0
4ZExvJvQXPEeYzGU0N3THi,156118.0
7tJnjRY2js0yXtNUWE4fgF,139737.0
0lqNtjLgTJYScspOhJXxtx,59486.0
3PzsbWSQdLCKDLxn7YZfkM,1315584.0
7FwBtcecmlpc1sLySPXeGE,824903.0
1prZ0pr6XoRCxcrC3MCL0M,253525.0
4ReyTz0y3TGkX48wO3Llot,266829.0
6wP0zUocK5kGLaBYhLbzt5,215828.0
0aF9m87P8Tja3NUMv4DfHt,292205.0
4F2t297QK40XFcIHqkmLHs,11821.0
7kXM2obnaUVl014k00cdhF,42990.0
3aAuIvgJGdp4wWd60riWfB,65761.0
05qEqp4nB0pq0J5wHxH8hp,14840.0
1deZHQ9Na7bnWA9pulmlXD,397718.0
36iHMTOAr9S4y0WvuWQtvm,20296.0
4gpext9x0CbdD9NWaa4nDj,57620.0
13lYKkKAYEVCkGAyrFGZjF,33284.0
3cXiUuiGpFmZ8OdAWKk8Ck,118426.0
6i9dZZQWNB06HKsQYKTiPF,63432.0
1lbXEepatjRVjoG8pZMtdp,1823912.0
1wv8bYmoqY3TAKKQY3Qn7t,30765.0
57trQKFZdJxHia4sMJioWk,177451.0
1jL4dBrmBpkAwxiMFzHulz,6127.0
18AXbzPzBS8Y3AkgSxzJPb,28771.0
4P0uyibZjcXZLVeNOHBd8Q,20472.0
2VNfJpwdEQBLyXajaa6LWT,198740.0
1WeoeHh0TSzsApyJ6Q8OOK,132558.0
0hSs4vOZo1OkRiAOoLafrT,29544.0
3jYRpwbctfqB77uU7T7K3U,42174.0
5wXYuaDpzueI27xvHhM9nl,35917.0
5izGeTxueiFX1UPFGohY9w,48300.0
5GvWrvLIqoHroq7YvO260M,47790.0
6yl8Es1tCYD9WdSkeVLFw4,404917.0
5eaK7PLGwyDXmHfTdWZZuE,129746.0
7INi4pMPG4IE0Smx5y4KVf,102478.0
3fkPMWQ6cBNBLuFcPyMS8s,103036.0
4ebcE2SmkG7nplvzFAWRu7,61684.0
2rbcCco3PrSyMinVJdh61J,34065.0
5JwK7v6XhG0YgqDuCgzOy8,84073.0
7jwQlYGpOml9ETGre1HqGA,686218.0
7Ewz6bJ97vUqk5HdkvguFQ,1381229.0
4zEi4tr3lEhiAvTRxEzbEz,138857.0
1LFK84nUerBbYfFd1LmnTm,50867.0
0HzjKCZmFhwcO2vnnHpj9q,66250.0
4PJEK76V3A1S0XzZJuTWh7,145203.0
4AiMaeCXwsldpwvA5wu5gM,464165.0
3NWcFiL6oCEagrFiTdDr1m,220596.0
3MshXF4YQRoFw82plcsUge,17472.0
7zjSZQkMoGKylSq6s1rK9Y,22095.0
4sscDOZCkbLSlDqcCgUJnX,121255.0
3wfujdbamR3Z46F4xav7LM,830066.0
00MvqMP1NcFvj920whYg7Y,17283.0
5muVpPu8Fj9fXfDbbqDdrZ,136837.0
35E2eKIEXXnP5q9L51iOAk,192312.0
7CBFRsUz1pz1cS12soVhih,189952.0
4dDurgTN3eGyU0ghzFJ0T1,100092.0
1oCjUrtxUKNITywo5iztdt,21665.0
1brpdmqkx3kSxyqzqXfW7J,67790.0
4IT6vDuKprKl6jyVndlY8V,253968.0
0p5eZCY0R7uNCZS1YDtIYI,345030.0
4dk40nfaQav6b4ZsJ9OYUo,250825.0
3ckd4YA4LcD3j50rfIVwUe,180193.0
2APxH5XbOLDTmW9X5yi6Hw,31278.0
65G4Ib3w7tgLjUkO5GseN0,151007.0
43oPpqzWPSZmeiwYicmzjG,8179.0
5QRs63VVKNaqUjg6XSSckM,17720.0
1NCuYqMc8hKMb4cpNTcJbD,5646.0
2KCJYwlBWxdlwyIYckIf6V,99511.0
2HHtWyy5CgaQbC7XSoOb0e,665666.0
6JHXiRD1QjMK1N6AQEnL04,43527.0
2fZw0ya0oI4pXsjkB0NBHs,23989.0
5gaUkg5JNk8c4mr2jnpX8H,64395.0
6lRkdG1HurVS72F9GoBeWJ,28408.0
1gKmnrz6SzJlGMNRKBLx1V,224437.0
3xzRBn3ywzobJrc1efC7Sb,206445.0
4LcrHUkRmXG3c0YD5VYutn,19435.0
0TevBnk5pL8DEqKixmcgt9,26744.0
4hWUOIDHda9XOb1zDchftP,108190.0
5AoZknxgY6F25gAcVahO41,30517.0
7jZ4UZAmg006Qx3rVuF7JI,283781.0
6pVW5LRWgeLaHudxauOTJU,30517.0
01Q4wU19hamqnhNjtuvTyI,17043.0
7u0b4DthVvd2F2EzCiOx0Z,12860.0
0Jr2E3wJ8YM1nUisKw7teM,18730.0
0PdM2a6oIjqepoEfcJo0RO,15137.0
4DtB1PJsbl4KAb2rZVNCUL,31384.0
43thLwzSasUUZEYjYPeJh3,50363.0
0WapisGaQAkdtuGEJjWSC2,7896.0
19P4fwkPhE6yVAXApFWDoF,16097.0
7i0VrdLCDhvgWXfcT6EQJG,108959.0
2OMNQkVIgT0d6kMyVjum2K,8895.0
5arVt2Wg0zbiWwAOZef2Nl,19139.0
5JGdpqo9wrRtOZtui5GShI,27610.0
7cDzJyC95jtGO9zAeZsWOg,100661.0
2TIKWWCf6qAtVP6AGa7e9k,30517.0
7pzkpCkXfU99i4Bm5KG0oM,8718.0
6pwQEpLOlwclrsjgEOHEp0,14175.0
3kfXUGIdBNpyr2gBvU3Guj,47869.0
6ADSaE87h8Y3lccZlBJdXH,1302738.0
3MqgFVRerrpqWHdRopk247,18321.0
2x5IXUFOcvvBUtEpnCBNlp,82357.0
5gS8whHdcpbkdz0qonQZF8,105098.0
5LDZbklcDwQeeScf7dUlo4,6169.0
3Tows9RnoAq9CmMJaII2cO,6444.0
1CtAzw53AIXKjAemxy4b1j,7535.0
67eX1ovaHyVPUinMHeUtIM,101648.0
54b8qPFqYqIndfdxiLApea,379531.0
07nxmAxwhY51juyImllKD2,31513.0
62vx6uOYO7PrqKqKTKg9RY,104904.0
2nIDPfhjHZP8UOXPenLZUC,18978.0
3EEd6ldsPat620GVYMEhOP,109775.0
5oZ2YnJxTXl7CdJJKehPHR,53300.0
2JhJOPGvtqMpj5RQC8cIYf,98261.0
3cRt9j0q8JaJFfRmmrWz7x,6290.0
2rxePraWVAXyZRHVW1ICss,15221.0
1Tr4K5MU5XYE44umXGDndd,1287933.0
0qxYx4F3vm1AOnfux6dDxP,470468.0
0n3TDqqbs7epxzHUi3QbC5,64862.0
5jLq63jMFWg0dKHnht6YI0,71102.0
4mxkQkZSX1BWgIYh5Q2Jt9,47563.0
4yEMyaB6PGBpQvac2yD9wZ,13142.0
5tE2kEW1Jom3Qc93UPBT79,13170.0
1osAmhnIT0rtuqLZ1IliBQ,19139.0
4iQZi2sMZlbTpcUlo5YGBf,12785.0
1zm8Bs1jRnveMzryxIkH4s,103037.0
75zMKn5euxQdlkZgu4P42J,1050343.0
29wJiSQcze8HEmxkUQykyp,46938.0
7HrzErXq3TsKOY1gmdIShB,470454.0
5xGsNXXTu545MWoeuFfjxT,24329.0
2JhIaeltCDCcp02K936tgx,15866.0
15rjQH7nTcTomKwfVMd4xl,448302.0
5KXTDunEgNVBnuSBDzsm6x,20855.0
2ZS3jFe6p8UoVyrY5jWBlF,145538.0
2eRYuzlSOBk3HlMsCSOLPJ,429574.0
0Z9UkcT1pnrmLciUJPcMMS,121266.0
3RJof5CojqlbgZ5adHw50O,26818.0
50ZpPgU81payZxI2H7QXNM,22340.0
0tKjVEJlX3IZ5L1rEJc5hh,65725.0
2dEgwtRjYl6TJkIwjRwn6z,31578.0
5eMZ3EPIMGoWlrrVhxatdv,58894.0
58YL9Jo1T0wyijCOZWRmyL,100608.0
6BT7qiDY4A5tOyklohjQuW,178981.0
0yJvWbn8xQKiDZ84VN5lQG,78745.0
1YRiaGNPyP6YuH2FCutj3d,35253.0
24IdPCimVnJJDRuB5YSDiS,25389.0
4z8D58IC56O0JH2B818SkX,9895.0
0q1exbzIDRxqJ6VUKH3seg,203456.0
5RsUlxLto4NZbhJpqJbHfN,295961.0
5yma4EpKYJ4r6jXhebUzh2,8435.0
6kIwzLSiQU51taaaZ9zWSE,30517.0
5pKo2ed3oEdFFV5L8xUA04,64567.0
34sL4eaI8UKWOyYpCvoboU,110752.0
4Yhx8ZUgxmOVtlO8oIt3PW,7774.0
7pETV41GUutaZ6KMHMAYIH,182145.0
1wrT33b6HuKlpk9ziscEUY,30517.0
7q8ma1NaWeQfmO6zdvuuT6,17350.0
4nwUQZbmWMkYzKrXgWRIEw,28376.0
7Di7t9yGoxdZRLAt5a4pi0,341217.0
6dVtWB3ysjQVSS71GDig6L,12507.0
6GhDVvKUE1f0xg7hTv9eZN,44783.0
0X1sqQ652p1sceKM2nJlIJ,104753.0
6FRQGRdhueJGTKiYnirDNy,36426.0
4ZSDreApKOo6eQYFx9qXfD,138769.0
5UKeFkVeUfvP6S43I8s9mt,28617.0
4ZA0EXmjnZIYguEMf0Mc88,169151.0
3fbVtEI5leNfYKvL7FxDz1,6765.0
1MqGKtY9L5qjPi8s7gX645,121692.0
5TWPfkeN07aERO0Yn2D2t2,557808.0
2jxqu3v4AZAhUNvdAbDGet,117505.0
2oKOGvdJ5BQEiguaSQJJpc,30517.0
6ZSZQoRMIgetNOV3VK53o8,6421.0
6V50MyHPGhEmwYu0Wdyf0t,133186.0
5ynO8cYFjDwELIZfFHHeYe,105122.0
14g6foD6sxO1qgkDKuPgWv,19139.0
5ZY7Gug850kv4heJcWZGHM,10913.0
6ZAwEE4kTdtvyE66iRhFxR,22327.0
2t77hjgJY4sC9DoX5uaVUD,134801.0
11qmuUlW5q5diLiVSOlsSF,55340.0
66rdGSb6FMm0neFXxmJdPQ,18879.0
7KA6U0WOHdGxWWLGPYN2Sb,113897.0
3BSoskNONnjn05yRO2tYFX,51267.0
2MaBAGBIttgv86bYytdx1f,296532.0
1Bj6YgjjPbEb4jhQ50T8tJ,20885.0
1Wrzhfa5bNlqvsnCztz190,282360.0
2iXH35MhsqO5Ry8a7iptpJ,17868.0
1QQUZeG6qa90sPHIAuHbgj,28308.0
5WwqdeavrQrbeAMDxGawse,171336.0
49wHCjiu34kM3VRgumQ1tJ,18191.0
5cy5IStIn7OSHDEIgXeDyq,189982.0
5uyK1WM8qe14n70kvh3IUM,20488.0
1LzFh1VZ0FLeUesOFEuhyl,13510.0
60mGckXEG1EzR4VmjYLfEW,37225.0
0VkDedVtP7TQDlaCMq9QVx,125456.0
0EY1Z9UmZnYZyM7zHs6C0j,154960.0
49NDegc7RQyvq6mhAs06p6,25334.0
1K1TFdBh7NrDyKiwiJEmsy,47283.0
2dgjjOdz8qnGXLos9xbNNV,56624.0
1XxUDJp9zsjd6tBSvE3la4,42313.0
0mJQlCl9YgxW7kyeltNiVk,15137.0
0rhyBUAgNXwdyvGVXSrLzc,87300.0
5W2wzbDu4os7SbAGVzbYfY,9104.0
7ndGFo9nZ108KPgXtfYWCe,39060.0
3YSfGJNDtF8KrHlwCAaVns,13122.0
2pAdtQuiEVGr7nOXGiv7t4,31251.0
1LwP9g1Hjbs64jXM2Qsxry,78210.0
1NQPc9znr56Ci6f02HoLpg,78826.0
2SQkCUj5rYrFCRKnaTbYYr,21868.0
7vjFBqqEubJSWPm0v9gMX5,6586.0
04ijIUVdT4Qy1SBWFUPROY,28650.0
6UQDkQdtvj3f7F7edAsqda,238484.0
2gjfwCx1QeD7nfGXxong5o,20577.0
5rzr3lYGJiw3OXEg8imWgH,96085.0
5Hcl1reJnHIfJBbCcglaKR,245083.0
0nFZ2HQRnIxiwraCm2X6Uq,25886.0
1Cc1kD0xeMXZpdUinsH1mP,22495.0
5K3Q1gue9nWLLwh6bYQFoB,133611.0
2vz1CsL5WBsbpBcwgboTAw,39300.0
5nW7RbN0mBLPts9CURNwdy,11867.0
1NbHlnoQbLMMy07BxJK5EP,19139.0
3o1nX61oecxnqXieA2ma0U,87653.0
5LeDMHIZ5YDZ2b1VOcYVcG,11438.0
4VFNyv0nVew5C878WDsPvE,239084.0
4AfsbRvvuN7nEHAhONdeEp,35253.0
4cgjA7B4fJBHyB9Ya2bu0t,921086.0
7oDDV1cal0M0RIjr4HuuJ9,102791.0
7j5Q3zhjvpQvMeoPSZwdsa,138924.0
1Qrdlkgg9I4J7r3P4kZNwr,90805.0
4tSZr210OTY6upjNYfEYUI,18413.0
3zf2eLN9Yf8ayZO5cn4Xh5,121026.0
77Oww6V7jooOd7aNEMnFJ3,57449.0
2P884dqfjksDMSzUZksfrS,368673.0
1bQ6SZAR7xI0z6sIxK95KJ,9761.0
7D4EtbE7LfQiH8CWj7fQoz,30921.0
6l6vgKIgXLnqgSMqf4nGNc,122719.0
5RSeCwyPtZckl0GNNj7Rv5,17290.0
3VyJPsb2ucaaVptLSDpJNH,47827.0
2F1fnE1a8zQCogM6jJifHH,295961.0
29vqBtjJTBLS1f8dKJS4Ht,121266.0
2zbXf2qz52eXmw4dpHWWq6,30517.0
2Y90nL1ohB4sgYELDs7uNx,321858.0
4ZCLM74MYhUy80TPiaAuee,31732.0
65bvH7egzl7h9f7uJmqGV4,41214.0
5IeTFRymTDiza7DciBD1Gk,117909.0
29KyVqHekckVGfxHn8QS7m,12920.0
6XpczhG192lULA9i4JLqKJ,16304.0
3j3AQc4yU8vrnHl5uITbho,61350.0
23l1kVpqMVREiwU1YAlcr4,332795.0
6twEEIkgsC2Iv6RczUjLGv,26890.0
3UIENhLRdFIOuRan92cAQu,37690.0
1iKVDnBTqmZErf96ldGrZe,151442.0
3fvDLsiTHPQNgzuMd3Mpb5,28363.0
5pihM63Tj50g1XjLxq0iU8,22457.0
6XomFpGnHv0hYgUoW75dOw,9361.0
46NtQJH1eok28bucLlHqQT,18049.0
53S71YBhCXerA0zMtUgdsy,19619.0
3RMeOetCdXttthQK0clPuz,389424.0
2elAyF0DLb10MWj76pU6pP,51726.0
2zMZktCS0HT1GHIgEsf6kx,292205.0
19aYH2zhbnTNx4plfenrIk,37514.0
04BQXS1HwzNpfZ2Wvw2RIy,99445.0
14mUKa5uIP5wD8SmJbX8ZD,11598.0
0mSvo1tBguedny4troEYTU,21020.0
2cG2bZy32qIxWVbFrobSQ1,5020.0
7dQC53NiYOY9gKg3Qsu2Bs,200829.0
7feSbMqJGg9yL0s6ypxy9S,86489.0
4U7NhC2rQTAhH7dw7H0goB,39020.0
356134ums8iF3GNIrheeYX,5304.0
1Jrt2fqQm5JEKlAPMYG2nD,100926.0
6QJCZyJv1fhkCyZA3lRoAD,23041.0
1iQpStZpzBb5TOuTDKJKdj,325687.0
6iX1f3r7oUJnMbGgQ2gx1j,221140.0
3CwGE5jaRJDx0YZN0vqJRS,11587.0
0aMqNFBj9KtPTD3c3tByRT,173111.0
4dHOgrFlbfekCozBNwy9li,30517.0
029NqmIySn1kOY305AAhxT,239461.0
2UC5XnHA1Wn9FjQmbjNca9,34093.0
2o4u19nlQWOGg5mLanT7Pg,537121.0
5MPxgVGxq79wcoNKtlRaTf,21243.0
3F2YXxSOC9dPmxXdrh6mYl,11027.0
1miXjv3X34Q9w7wDZoBnDz,155168.0
22wWxHGHRH8gZXNDXRgSqY,79913.0
2E7W1X4maFFcjHrVrFA7Vs,51153.0
37Vzad7uGm0I9zJIFXlT4b,56192.0
6NAEpcvbmNdT0cWP3LFDcY,30517.0
6nFdjV1Ko66O111x74K2kn,30517.0
2FAL6hxj5Qxuj0kWOkEOsF,70227.0
471SXWs7Ko4d2rkKOk7oPF,82357.0
2HsjJJL4DhPCzMlnaGv7ap,43918.0
6bzwsAtj4TqaBysLDrGiO3,123720.0
4yFNG0S4As4vZllmPj22d9,4065763.0
0Bg100ruK1ZD7H96rNo6fR,58798.0
5gpImN0eqlucE3a3r121SF,11989.0
1wyluqXP2ujdTpCfm1E617,195093.0
41Laec0pItedzpw2D8HWYp,29973.0
11leihwcsTVOTo1gxpgYNG,238485.0
1D2QnxvMOac95EG9C0KbsJ,22929.0
1ZnXuijpwEBjhNxpEnb8WH,20520.0
4x4e63yL8r7tOFcZ0n6KHe,50112.0
4qM461TqtpnP4GLRIXwEnW,25389.0
22KSOpUAlJLJhACvQ65Bho,18354.0
78FHUZRbFDCG6VkRAQdFLm,113940.0
5laT2a6iEq4IxgEDV9dSCr,36671.0
6OKhBvddAlWxxFnjbpilhu,21653.0
4KFM3A5QF2IMcc6nHsu3Wp,372794.0
2cpUudtTX7OU6DcoNTuxwB,18636.0
4kZOi9K2i06Syi2DiSfEqT,9588.0
7gIQrP5rRbb0BX8lFEnTwg,228774.0
3ydweVPwq9PCEVJ8WwqT6u,21995.0
65UsbB9vbgeUn2HZOcKLrJ,8743.0
5KVak7r5YKcnkmARc0hy0Q,22506.0
3TLtCHUaiMHcQcJVGVW2p2,25389.0
09LikVa6VgPYcsChqn1N0U,65067.0
1y5V5qja332UyMeUurFhDS,44013.0
4a0oZYU2ntSUof4lkm2PCl,56108.0
6oBEmZu29JqnBDOWZOmm6O,146977.0
4TsM99sJBqypeDgcsDWyMN,19383.0
08o75xMKmGrKny6GsXrNJW,210946.0
5f7KV4oOHZylrpa5XKFu6G,100381.0
4TxBGpTxrNvRNhF39Dl3NQ,9949.0
7yQNqjXp9BAGAppPGkTbYf,8156.0
67q0QsfLcTa2SqhP2wQbia,77455.0
5DH7nDryMhpixm4G4B7RP9,189200.0
7Mj6R7TjsPxeLYu0Xdvl73,39041.0
5y1Uc72BAKxaleTEXpcJJq,141397.0
0ElRzK07sc9eszyk1ea9Ab,30680.0
2tWhYbJL0dZbkWXfhZbDZs,43880.0
0u90NnJ2p3Q2MIP9IaAsg5,57742.0
1ArdfXwdvwzapms9p1wxEb,24665.0
0QVJsWtmgj9SWZaLYiX2i3,64312.0
4dhPbGPssNpV6pSEtgTmO7,1381246.0
42wFJFBEkSBfM74T9Eb6LZ,329155.0
341b9JIDHZ3oaMVNwS0OsA,49968.0
4MLPCRYNhDIKcRjzS54ceu,44404.0
1Gnufs5iuI3h5ow29J7tOO,7821.0
0OtgQMnnZL5KVjpABf6SdR,14657.0
7gMOe0gXYcELUoVugfMmHP,77374.0
38Lf9Im0jQhAaKx8ehQM1S,67246.0
2hConpLOB6gmyM8vDkVOof,22186.0
6y4OjcEz7LMrdVGODrcAIv,145575.0
5g5EdgkfKVUceOTJtm0Kel,20971.0
6MfVSA5iKBPHzo6RGARjL0,46501.0
0Y1xRI76IwqT0OE0Mzxz4j,16492.0
4wJq75UFYtFYbMO2KBBnlw,41324.0
7btwmzYKStDASnnx0vubga,18877.0
4x1iqAZIrfetO4o45KHhcC,31957.0
67MkU3b7k2fBL6oHHUiM09,44920.0
3quyxN3SapEsojxk1Uw10K,16736.0
3KTxIOIZIE7UM6vwCX4Ofv,32892.0
528CAH5pTLq86oZ52fHifA,223976.0
0fJMNr4wzaVWNM2nb9hdqx,17225.0
0d3qwh4HY9w6Ywywj6ksTv,13014.0
6R9NqD0WX9sJYs6PbA5onu,10235.0
2OaisJrJNyhBl16VP7JDqJ,11293.0
7iOm7tuQZeqXqzBZJ14CSM,21882.0
5K27xdI3aPGoyXnxdcan82,5038.0
0P5QEcwZfgLBjpATCGsUGH,15299.0
1TtrMAPwHFTDksxjuriZ59,31964.0
7zSDDsIlks515d0tZGM64x,11808.0
73bzcsDjx9FqzqKWcPLMiH,8104.0
28clONjZmul6FjfO6tZQDE,34136.0
3TBRJsLCcwroEkA3tD4u2N,107136.0
1Vp8U39YNsDfd6yVuaUq12,393661.0
2ZIzyHDYsXIHUojfr6bAbO,25389.0
1dDPycMv4QQbRMrUseUi1m,11553.0
3GGLM9N7B18Hww26bScGDq,5409.0
188ogJrKez9zzsidIg22X8,377675.0
54BqQGaBnDTkSKOp7A3MRP,11974.0
4nheObMzE4K8AIxIICoLgd,13001.0
3y9FzflARxBDRuARWGDWmq,8126.0
0ldTcpmFsxEASGiBBIfVLW,35348.0
6pAvXn45z0sktftypuEEzt,6755.0
2o1Deu2r99ZkkQwQ27LnZd,40822.0
2F8Glc7r4mHHSCEegD4Ju1,8110.0
2cFl7utlqyZjCXN1G5nRvA,34968.0
4ZsYF5rjUXIwds6KNimPRo,29870.0
3iGK3VkBMYgN58bgZ3r8wc,16156.0
7gaQtc0vrSpmRJpSMDiPEk,227595.0
5oE6INocVL9viDow5y8QNM,376294.0
5ULNuAoAozLAc721tRcPbX,35463.0
0otlwsD3mSogk7VJCTp6Kg,19394.0
7D241eUcI43whoQZxLIY2I,10062.0
5QrNXvTQEuBb5iLoIAAuvk,17225.0
4wBLUjwy4lFXNWzCuxDqfZ,33726.0
2j8bXaOBeEeyoY4ZpCcFIW,10543.0
1ApsBaz9fpPptVZxgqtOy3,10015.0
0Ha6Oee9KzRwNxAbfznzYJ,25739.0
0K8tOSa1LE1Ue784z6qwWZ,13067.0
1IAiDrvZCOx8AHlNZGY5yU,46121.0
43LjRHyyetSWnPpW7CWThG,19804.0
0cQdOLlHS3CgHvZgcOVvaw,12623.0
17nQsSXT5w3sUqwkRU1dDc,6993.0
7kthOEffJQSYAIIh6BEAJE,8172.0
09bRmFRViBORKQ2miwp04P,61894.0
6dahFmHrgncgVJjsI1ws7e,112728.0
1FRi4xi7dnViWnxatYwnxh,38385.0
0IXpUl1fn2QZcBavfuq0H4,83103.0
7LpS82vPDLgZAHWRtWBBRj,7960.0
5TGHpNdHeV5cqsJfkOO4Zd,15869.0
6Q9kdCHXpAef5YbKXKeG9M,64334.0
1057KuzIH4fWCyI5Gb5kX2,72946.0
1N5w5JlZKaeOMJLziWRq6L,12719.0
2U0HPJqbMOHez51Uvysq3V,6352.0
1ydGjYPl6SkTBwy6yhRCJT,50302.0
50XXRUFNjs85P0MjCZ1c9X,44089.0
150LOyOS0ISsZ9IcwPf6iT,49204.0
11dn3mAagE0hOvd35rBNeV,8363.0
373vZ0g1dpWaUcrbh0WKhd,234181.0
3pecdrUzTZjaqrw6iCLTvd,19000.0
38mMrNPAJKXMBK2l9actEA,29693.0
3nraBLcLtqboo9ZeVDGcQ6,23046.0
25NeGSHqObqSJg79oir7pB,5484.0
0gFB5H3pHN13ERt2FyMuWi,23257.0
5u8bqfaYSh0qVTsgslPknf,33160.0
7iWIdiJlKvJ4PjFYVrWLUU,48209.0
2dbOYFfS7r7NAzquRvji9A,92334.0
0jdwA2pPXiVltojQt72yZD,54904.0
2pPRaqCyeKYWmzr8izgHJN,7229.0
2x3ZOZHDisk8z7jriJJAxh,19928.0
5bIwtIednTXz7BHnnoQN06,89276.0
3FDAd5vW4P7xe1GBNOLyfD,17110.0
3lGyt8enqenwyqXihI6AVr,107350.0
1wncA7mz0ntqvZ8UzFokGk,20508.0
6cqwDeMvlCKI9CoeVahGrM,14599.0
0FRpkVdaghjib91eaXOA97,15457.0
1SXSLvVq87U2DctZDXU5Id,143914.0
2f95gIKDeiDyk25KFkiL4m,7883.0
4ENa9MbktJjV3HiTnlsg2b,35085.0
0SEfEDcVisRq8z4gU6r86b,30591.0
1XvfncS1t4BNkh37klHeqj,17948.0
6OxnToSgslbtjJuNSKSdDQ,266076.0
7eafuv44YprITfOdzfVLoU,6442.0
2hDopFcMjFcRi5IRpTSSyr,15997.0
6kCJMxv445L2okuTiou1fR,60178.0
3VPcxdwwo9TcjAOYZa5ZrP,65358.0
3OmEIZ6bYHqlReQ1YLaRHV,49955.0
1qvY1z3Wm3sAYeHfPTnrbI,21653.0
3LFdvM7nIV8t02zyhYLvJo,28817.0
0qH487xSz8Z6Xk4kyOQkbG,105765.0
6cuHkcRUqtQhtJ4sWCkd1q,82563.0
4sRW57VmiRBylBhV7Uf02Z,323408.0
4uvARnZIajUDXWXPifhK3B,71705.0
1VrfLrBviw9A6JzRoo3t2C,4045418.0
15T3otpUnJKin5njR8x0Tx,20589.0
3TRexXc7XRFVZA1WZPkOGY,13098.0
5pzEYTNR667VbDAUmMpF0S,11708.0
5r2z0FHOoFI06GZEVGDjzM,84638.0
0PbFXpNL2f34qFtJrR3OSW,92682.0
4h7bZNHnYP2umOomPbnfxG,266829.0
39cFQHfY6tsdMRmSbFse3X,130762.0
2PkTjm1QAJCZbJ9MqC4RqA,16856.0
18XBoS4OTPBL3m9otvRnCI,8357.0
2dHjSNCw10clC9oOld8tPn,8065.0
3w9zHVKI28aUPZTxq8oDC6,56038.0
3kHDkEajJ4G02y2U6Xf0fm,5892.0
0u6SJZRhC1KSguPxLACkt9,341653.0
1FYGmDJbtrblTlR3wiOjD5,104381.0
1weEqgqTn03x8hmJ2mHMET,20456.0
5o4VFWeGJeCDaNNBdIXcVY,7740.0
1T4iwEA2ySieXjWxjiMVWs,17774.0
33LfsAZ4kCfD90A3Zwp4sk,9113.0
5fj76kVAnqRKKhAw5d06jj,172049.0
4QhZMvnoOxP6Ra73Ergy1f,7655.0
07W9HcJyjXPnKQSMbUcWZU,5454.0
00vYs0qZA40Z8AAaN7xmMO,341219.0
5ZeKZBB57EnctaXih6hJvE,92499.0
4cPE441DlsfXRh57rl1PAX,10071.0
3yD272quA0vqP500G8qEX5,82357.0
1PtQJZVZIdWIYdARpZRDFO,4144893.0
4ByEFOBuLXpCqvO1kw8Wdm,256314.0
4S1VYqwfkLit9mKVY3MXoo,14280.0
4y1LsJpmMti1PfRQV9AWWe,795430.0
0ikz6tENMONtK6qGkOrU3c,357619.0
05wIrZSwuaVWhcv5FfqeH0,134025.0
5vmRQ3zELMLUQPo2FLQ76x,286113.0
2aEuA8PSqLa17Y4hKPj5rr,377732.0
1aYkkrAbPmMuorVz5HWIqE,57577.0
2Di0qFNb7ATroCGB3q0Ka7,15137.0
6hHc7Pks7wtBIW8Z6A0iFq,285705.0
7bkyXSi4GtVfD7itZRUR3e,309111.0
6OmdWLjlx4BIDGEO8BZlqH,408084.0
1mskmld5ZKEhRaNvYVPoqZ,413579.0
40A4eR3xf3ybS0GTemQZSd,347792.0
3mGwufkovVPrzsJaXWg8PU,136842.0
5zWZ9iNevP0397xB3jWV2z,279023.0
0Qv7xi6uPSqH2k82tOkGSt,512792.0
3KuAa8Y79xlfJgYtBKbynY,34872.0
4XX1pFUkQOZTYp6Hb6a6Ae,90512.0
5fy4vfEtv6lzqLx2Mt7stF,19139.0
2kwKk1pkWM6ywaC4gQaByB,9475.0
3FYDqY5BRtx3IVSaiQZSze,10698.0
71GvlH0VdeClloLIkHrAVu,91253.0
3BZGi1yUqQyCNC868AqUGG,14320.0
1QlogZxaAT35c3HqjJt1JH,21253.0
3LaHsdzzmvhx6TJedpomVy,261033.0
648BMGrt98kUbLo24A4vgj,103520.0
2dURQIBrw3XcHyVZlfdpC1,37430.0
6wVViUl2xSRoDK2T7dMZbR,263629.0
0T57cTUpYpvSvZ3GowBuTP,144738.0
5atFAXIgMXP378op4FaxBm,90108.0
4fpxnJGDWFxjGvLJOqPPt8,195471.0
1c9dnQbOzw01ID7X2IsYOE,29611.0
28qfj544k6pDavkWkyzvWz,8345.0
7vPHiwgCOAjSBRjAirbMvS,134006.0
1qUo7d5lAOclNVbTUY0A2R,101611.0
2v7ywbUzCgcVohHaKUcacV,890777.0
6lK2xptPzLPmvpE29U4mDH,391898.0
709ffFK4o4MtG1NKoLvOma,464235.0
4WoKuMjwJXuy9IqX6AH5JE,72450.0
1iphKsRTqRl7KZeOZwILGF,442424.0
0HoaLXRp7jJtdQFunUyUGc,45183.0
20RHWjtCLr7ODGQEItdZXg,39663.0
73yXCwINoNqUBJRAgPJPsY,9967.0
0Zn63G0XTiqXwr1KSmARWz,107519.0
3HCDGtLZabH3umLgwCBpDB,37486.0
4m3OS54KWywYhP7WD7z1cg,48120.0
1D6NMs2Zq9PI8dgPtOGbtA,464235.0
0JUWF44gfMszGNhjCF7Ufs,60019.0
7hLLpJ6stoDmLP4GkjavDh,162224.0
2CIDqYfIYfl9vx02wIyCG9,73766.0
537yo062QIz16oQOgxmul3,102683.0
7arHM2KZ0KzIZXFVDRGClI,69971.0
60s0QWaOZ2UTzqdIHBCt3x,212528.0
2uXlHiOE4o5xHOCiob8DKn,9967.0
5w6EvyvomUSWsF430iixmc,48720.0
4rxamav7i2lJexbuAxcvfe,33957.0
38LUbz74v3nmP8x0efElw2,45629.0
5CRPGdCSOfstyTVK9Ja5EQ,206366.0
0KCCNoVVXBatkTRvKOEf2t,41605.0
3XkXJNMHJB0UiKiVz83yD7,27368.0
6yKvNUcS8XOx2rXip07kHQ,17472.0
0oc7YoWV783fGr2GbdcIrz,71681.0
1JnHZagDFvrT2lx4QovSOo,166652.0
7KYzARBusZhyZ6jygZDmVr,37626.0
1XR1X1VTyTOVdPgH18RdME,170475.0
53Mz9H5UvWMQUXHZnaZYKQ,263443.0
7fgmo2cHGzWLexkRhBeECj,9125.0
6jWx7mD5oblxybTaWpiPZN,130465.0
3yobQNuKVJ62WDU7h725Fu,65979.0
5uh98HlgvoJd2zRWAduj2Y,26987.0
4Ln6CP07DElm8ay1RxyYa9,57577.0
3xTfj6XVCTRpdPTpCX346N,13440.0
17W8bZBSty1TJ4CRG4GGJK,30223.0
2dQd2qrFB5VtuUMp45G41p,149088.0
24HTwhBEeeohReRYPyjaDG,221801.0
43h4FonpCeaaURpFpiQsf9,195545.0
1Myuv6YUjLyOownmZZWnxy,73736.0
7GRMSK8jCD7zTNM9vGFaBi,223555.0
19Kf8FxBJ5a1Bb8uKCrIIe,26423.0
0a1SoGdF8U1PNHtfKRAx91,83916.0
4wUQvovMEkByMvZNCecZ9v,109121.0
3b0rbuHtD50p1gmfYeKCom,32941.0
15049rGLXHwrWtE4euUb5C,192314.0
4789vxAh2p3QrPtdWgeHK0,15137.0
0S7a85OjwAuFArBmwGJj5g,138799.0
2koS4fD3kzizdnzWzyrxyT,35826.0
5boJKR3VLBW0dc5167wKDE,29622.0
6N7gPTru90HYLRUIVDQ185,111440.0
3or3oEITvJmMwZRYeWSaen,21580.0
31CYUJj5f9lbQ0Qqm9PzK5,52684.0
7zqgw3dMGegkAAICkM8ncf,63472.0
4oWQeGyPFyr4EpTrv5v0gJ,157569.0
2KaA0Tgl3RmQLzcvLEtzLH,30138.0
7wBf5LhqfF6A9AVHILTJWi,10895.0
5burXYqqO8z0GEnltThZKw,47383.0
5QuQFz3QK3ILCpBgGHGss8,8841.0
1HcODdUvNiiQgV2cRLVm6O,34859.0
5ZO4gjA1fMk0cD4EFkPSYT,59091.0
3898C4AbdbptwYet6547e5,581457.0
5WQToUzVpWryYWl5WJoqJb,11688.0
2pZbERJUZsfkKRn1EU1mgD,25949.0
01QAgElIaZwj5HRAuNa7ty,25438.0
1dgNG7Ze3PqXTIq9yqSihX,15973.0
2bvzxeD1hPWEYotw40Euq9,80132.0
6I4snLrVOrJsLdd43isc27,88803.0
6HYm04mKq02OtLMf6sGEFR,66168.0
2bsczk82MWGPmTbe6IWYsa,16264.0
2dnR7o8cm9798o6KPsopki,34299.0
7vOLJwP5O0woITaIQWOoUX,16809.0
0MBYW7CcBJmsY3HTP05VQg,134666.0
1R1vbkHj40yexphG1i7x27,157569.0
7oQX82XgUBDhSbpMSksG12,105252.0
6Ucocvd2YaEJRPmbT4SFgu,7672.0
3hVaK0zn3sVWWY8TvN1Te5,28601.0
6FQwCHbOF9LamZsWpJIvGc,36889.0
2cWc4NJ2WYAZllS4VWFcHs,54038.0
3dZHWv3IsAQLzAr7FLJoJA,34221.0
4lC9s3vwDa16w2G33KfF9C,24515.0
5edioRF5SIeNzZafgd1Py1,43690.0
5tb8T4WJ5SULuf8lNkVfEp,15352.0
7pFydJbDEToJHtvl6g579k,7472.0
0vyzaguBNqoFgJvSHYa5Fi,34499.0
3vxsXUUU9jUJrGNP4APtj3,7887.0
1hj6nYHeGclSY0VNTHMi27,22542.0
6clrt5x5viq13LZwEnHcur,43853.0
3ibAzRj9JnowdoLkyllk3n,69971.0
3CX1FiiXSbvKjsXRYwApAP,9729.0
2IaW3ta7JQAOGZXosktG1M,122304.0
1LiwqqaafXkNQuWGW3HeId,19087.0
4OQ9XGe11ckizN2EBnNED2,12423.0
0RggFSMfsJvAsrI4itTIzr,50097.0
2hBR3npBmnfr1VWB3O64Jt,19065.0
0mOAeFylUraa4kUB1B9QW3,20279.0
6A8OnjnpShshNpcqWtZRjr,122304.0
4fE3Pyz3Jfu7LL5NUB1iMl,94852.0
0p3oAttD7p8eAaCXQ2jE63,58954.0
21brTVDh5Y3B3mA4z5yyaU,8333.0
0b53GyMOfBCt5L6bh0CH3f,6867.0
0jF5G6LnVRX92gFTnKxIbx,13179.0
7p5jetoN7m7LeDKA2Mfhvv,9677.0
1VpUH3K4UTqgD69QhXYebI,6562.0
6wpDQGn3Gl0j9Wt6D6mYvQ,7578.0
1BnODvOuKbTnAZYkMVzJCL,14775.0
7bJSbd2Upa4iYVHlbRKEJm,88876.0
3eN5LFnqtfPAR7Jr8i2QuE,28073.0
6Ufh0H4emPePwyjusICVKb,31789.0
31alFPGPYXPTGLQfmkp8fh,22678.0
5ZbIlWjCC7qK6O6gRLgEPW,15137.0
4jrMslkQYy6HVqKKPX2WXf,95897.0
7HToYDfwY1kATIrBPxvbzX,6541.0
42FUNUTTu4dhDhca834rd6,18895.0
1QeEpsDDPWTu3pKOLro0La,17350.0
1jJrx8IKact3kvA8riEcUk,6771.0
6oQFgTIK0EUnR7tzimN4Xn,22796.0
7BwxbmYFy0l3ROHDjV2c14,63139.0
6jhy2hQxE7I47k7B9vxWtN,5912.0
6E6RViXGAhLXHv4Sbe8e96,34153.0
6WEBIVqiEsevfgJefTyuQQ,64398.0
3SZhwgn2fYVmpBuzi4NIyM,19139.0
7l812LB02j5D8QTvpD6c8l,34532.0
5ZODincIREhQ6RYnoJdXNd,10602.0
7rxcJ4zwimlDH46xN74E61,30828.0
1Z1fN0KFNu0aG2EpbBVwvN,765379.0
16KLSlTEsFu4wNBxsnZFFL,5817.0
5QKRTdqD7dgOIWMYXUmD6J,15206.0
5WuRIlM4ACXHJwcjzlm9Gx,30517.0
2QQYG5M39oAaxz3hbzfCB8,5813.0
20fnqkgKNOzxDobwqSAMWa,13263.0
5WsmkjmFGQ2Vdzjr2TcfJj,41324.0
1y748kOQshZECWk5MddfOv,42754.0
7hT9QzdqxxoWB0JtCGuCnD,27799.0
13WPj6r2DVNU3GoZtMc9eU,7504.0
0Q97fST0xHWAEahe28rMrb,32829.0
1wM7EO7FKR0i26UqLN9p2l,7101.0
6uPyPOSTwYCgPjYINvXUKl,41207.0
72BnKkKnrOeCDY9vy2avFk,7627.0
2g3wyAWIAvmjfZ8K6Jb4Zn,19035.0
0B9U02XhMpK0N0vbuboKgc,11797.0
2FNrWXjuJ1LD8uVu8LfIYt,14022.0
6A48JrV1QyIbmd5cZglvRl,13863.0
0NUyAEi7WInhF0SJGVavUG,6824.0
1MOSRjdAbUhvLNnHCdUEL5,44950.0
7azOuDeJGbxt5mvq3GQHXp,48902.0
2hUINMzSnrhcqpdcWiY0oa,14166.0
2LTka22D6eVbB0ekwglXuy,13413.0
6FmwfLbteUqHfcz10Ab9yY,7454.0
4d0DpU7Odiv0ztvX2GxJlk,6825.0
2Hf6NFGwSqZqFXp5at5J9h,7765.0
1jc24HfkDT31GLKlxesuZl,25274.0
6a9O11ZNVVkl6zMrbdO3p3,9490.0
3mJ6pNcFM2CkykCYSREdKT,24812.0
4xlLa7gYl5qayZ5pJ4B1wf,109122.0
2FJVaMdZSojZSDiAa063xC,17168.0
5tewIdMVsaJWN19ZnmnPNN,71711.0
2ZSep9yW6E1cwDNXhRb1Qf,16524.0
1mscYl0vNlVknI51wOWDG7,7837.0
6oyYKWTbYt5Zb8tIiLZbmH,83718.0
3GR5Qd34nif6bskCrhTZue,26425.0
52noeR9sobs1a0E0Z6VuUO,97884.0
5FAN3M34V4lID5m39SIYDZ,586226.0
4fFxkU9C7prSviiYtvlV8V,17268.0
0I9vXVUpijjek2ULH4UUJw,19651.0
4IZawwie57u00LxKWVhAop,5167.0
2WMay5ANq2NNjrxRcKAvkN,13509.0
4ZYCwq1EMPY5zZt195ARWg,25317.0
5hokd9FpZOTtsOK9XW8sFD,16497.0
1s7cklguCg0rkLeBGA7quh,17153.0
1j2LuIf7mv15ZVug1Xy5qz,90368.0
0sKfhhj6hYyJIXnTiZV9vf,333986.0
0UELBkb2esbSdwcVYfsRIm,41207.0
4Jk2iyv9FJcp3E5e50EfD6,6155.0
3KXIqvUToKVoQfLRPoQ7vN,6263.0
7MH7TkjQ4RA1vG454dciw0,56963.0
2ClEdZjrJD2lQOrWU1qqO5,7609.0
4HSkgkIlbz1tCAP4XRmn1B,14357.0
7ov1nZ2QZc3LIuCXXERZP0,16418.0
7vVjQjtbBqwMqjzf72Qplh,7929.0
3RDMd9JiKdVik8zjGhZ0wJ,7606.0
6dO3t1e3pb7sxyDQbDyVNX,25984.0
5azaQP9aqjy3XYwsuJ0ebJ,9593.0
4cDNMGoDFdjXgxpZEyP6wH,5723.0
4EA4ybyDidKtkER5IhasZe,29934.0
1XeCCcv0C9vD6Z8P9E8uhG,49678.0
3QrwftqtZ1D3jybjudsxnt,268933.0
6R0hhdydFi2g7mWz0hkw5X,13847.0
148uoUpRp6FJK5qYoXijwm,35060.0
2T2t1DXwzdilKF3BQPHREo,24218.0
4ZbrvxwWPNX0MgbubsqbZG,48970.0
4EEI0LQLYddKqvQ3dfc3WR,8177.0
5zd9EXZujflINL16eUHgqo,17135.0
5aqLXmh8SpcmR21finoww3,6195.0
0kADV8W4Ns7WImvVIklbDC,7199.0
1vBXixLz7cVLLTdR4Xe8aL,11285.0
7lqWgYgGqid459SqZaXC0X,6411.0
0nd1Vs5BIoIU4TJlzR8KVB,71052.0
5NN5MQyE3Lo91zAEHpGa7S,48868.0
3TpUmKBluhNM1oiNHFV7y7,22744.0
5NUXe5Zr1bUWJXYVv1de7Z,8232.0
4hyhb4tHrHc2LvoI0IeRl2,10633.0
6kCjKljGsnyzXaKKH9Cbgu,6490.0
7BlCLOykVzK1b6LEKP1lSB,6120.0
2rkw1gqH62Tc9ydm9jsEJ1,18302.0
22C8dIT2GDKspwgKbwvy18,107519.0
1mbFlmyw5rJua63zNeDeO2,18039.0
0O7KQqwVlMvptBVJMbzCHv,6572.0
3IKjeWlg10MpnnzIlyaWEp,6495.0
57qOMZrbvnYyPRLodmnQk8,9501.0
6G3afsR0udhKnAU0Tut25j,29625.0
59S5BGYP3tzYd7dccspVdx,45790.0
1OKVR9o7DqdEztpSm6pnnW,18334.0
1uFWyT4KLFXisiVkiBPCTb,15803.0
4CJ9yzAmxMzzspKSN5AidD,6078.0
2fiRJjWb9uk21Gva6oHpKs,54087.0
7b55CJjPfvHBkNCqEv52lT,18375.0
7FGbwJMZxCbW6U8aGNBgOm,5812.0
61eTjTaHKwiCqJSYK6kG2H,32660.0
38UiIDeG1uFUAP0pkulpEj,10812.0
5NzWbTJOakrvq3g83UoD25,9644.0
2Vq1xH6QA1a9Kyf5OzyA5V,9252.0
0BnMXGSKIOTqroiBpXgLTV,7169.0
1qPQnqu0E87x36SNamVDRQ,44384.0
7wz27YjIUyJ0IAkzZqlQC6,13610.0
0tZdYg6Tf2aGq2C4FyNzwN,10224.0
1xWmpN5XmI5j9dCy2xtxGC,19465.0
2RKRJ63BU2LCB1G30dAa6P,37115.0
1Oqt89VF7VM172bY8DCuB9,71050.0
7IBff7ScohvP2pdfHR6YLE,9403.0
69y9v4GdbxOaeDqL6guhCs,30517.0
6acaL5WhK9waQ9smXUlJBZ,23776.0
3TEID3eTmmHNh2sW74Zgmt,6459.0
7kZWWuvRJNvjxLS9lNf3J3,7500.0
72CzdcyV37G7W5Bn0oBUzu,39171.0
4djSKkGTA9ZtI22q96L1Tn,5695.0
5tQxkjOKGuVH2oZ8ElL4aq,14998.0
6LEIAGml1CJg1WwDgwoi9u,8971.0
3lrnlYbfVdJ5FW8ySUFyOV,9665.0
3WEDBjYdFN9anBLB87w9b8,19139.0
6QSwxzWUeF0w4N7qRxonbb,5991.0
15eXEL7oumGvSSCZVNiYV9,7456.0
1CpDrx0Q7f2Wv3tBXDMt6z,10226.0
4gt6dEJvtXNdrwXVLspag8,12358.0
2KpjKWyj0TI0FmGgENEKr6,53997.0
7iVNToUTQRTWvLmpAkSEgo,37223.0
2w2VPjwO34HBcWGMejcFAA,13848.0
6A5wFaOyI8OEo84oKKOyPu,8352.0
4QHfFzsVXbLewUmI2UMel5,31212.0
0LBtQiEVfP4ysLQ43Do8uN,8438.0
5FJEnMJEnL9oxMgcBrZsKY,8957.0
4pRms8DFBAvUrdxZxnh7xL,9993.0
2f8Hc0w7BpDtzwoa6BHKec,93819.0
7mEomDOOd7y88OBX4QRdrt,6886.0
3IchfVcS6QwpKLFuRE1Qyd,19499.0
7pLuEMFougkSHXrPBtNxTR,488185.0
4GrQPpjaZmBf67b9Uh83T8,23496.0
1kqIJgH6aVYwqQFjQPB0hn,6006.0
7hkQhMFq4EOTYwX3I7cgmA,5256.0
2x7VFpoHN8eutpliLKFfuh,27594.0
2BQE3Bx6inbvRA9e5j8lJj,5032.0
2eVFyygyIXkrUrfCoLaNZs,10457.0
62oGUBJQGPa3emMGMejBhm,5887.0
0ejGM0JfNhUSnzjOJMlT9H,30517.0
1EaJ43YGDWxIuLsg0LzAQn,5128.0
3bnOXBkSxfSSCioTw1LcVc,139527.0
6ekUWsPDlyooDFSBmXvBIW,59478.0
0DVC2pMTkDmkoAW3XyIdYe,10293.0
0XLlGrXn98Td1cPAeKcZns,12270.0
5EwltLwI9hRLyiTUAjMsQ6,44702.0
3hgcfNQI4jOIqjhI13im4E,14574.0
6NBQtJawIW0RgszCkIqSr2,51416.0
4tKiqgP4hiFNSCDeoaNctg,13604.0
6HOWRAD7W0udfatcc0gpHp,30517.0
7Cu2JjFYseaheA36Aehgt4,5596.0
1KqXNGL2LguSKPFVb15bWA,16601.0
29pqGFsm1NPsVHfSrjaDUJ,16727.0
5JEy2mEU7holanTc9S8vbj,72643.0
68fAZuqk7syp8Dvqj4KPCn,15227.0
6P9ISBfXg35gWQzq3ggLIu,5716.0
0mMyCFOqotvTPf8esrLM7K,128772.0
0uMJBW1f0AwnpN69YsG54C,7685.0
2BJHdjPhYszkjnOFEio0CS,9522.0
0vsRt9W2VisbZW6mqqjbp8,9828.0
4J7EocpVLUZSU3m6E7O6re,15102.0
6JFfOp1LTXnyDCTfHlOc9j,17943.0
3VBNGYEDZKzcRKvQh7rFdp,5428.0
2G0fYqwbmSOFHFsQChzxd2,7915.0
68O1r5xQADu0JjvBibg9zN,9551.0
46LNQvIkDX7hs0M466DD6h,25036.0
7hIR9M1Gz5COo3UQGfM0sy,8586.0
5n8Aro6j1bEGIy7Tpo7FV7,2662678.0
6sT9MWlJManry3EQwf4V80,260005.0
5YIF6HSOtHN9HdcE5IPzMe,92592.0
1ohwrBQrxIlqMYfkoYERiN,267710.0
3gKwVWwKmeuFtPubICbOGc,227799.0
15HgR9Ht4obJOcMG4wregp,469202.0
6yKldTTcSa2BdpKPEtdYp3,90733.0
5ulZo7nk3MByXLvja3NCAc,71025.0
0SwuCcwpFM6x4cu5zOvmi0,205369.0
0gljI0CtjpdZK6ecidfxto,99224.0
2J6QnTjHIWwXErNWyF0RUC,130621.0
6Kk9SGnMMrpPPB0mDQ3CJz,52406.0
2dbFLEQojkH0Z7xBL7uvMl,54142.0
0dNiLb9FEHrRK7VFDJctiR,146570.0
68Wj3g73FAl8Q22q9vO6Fw,85576.0
5k8dJvnLKfv1YN9W3bO79x,196903.0
6qUEOWqOzu1rLPUPQ1ECpx,167968.0
3G3lahQSMk4BHnap1i853u,101656.0
4F4neui0edP1ozygvFiCi7,64217.0
0f1yzIIGD8k32DNVeEn6jb,37473.0
1i0kVfX5LdEdo52St39QM0,70528.0
0eWP2sADBFG1hTrwJYfmMp,44204.0
0cSJGFChou7M6u2ju9SWN1,116664.0
1JJ8D0KE144weLOGrjqJrb,105464.0
4ezMxuYpCzjyEpcgjCa2qG,15510.0
5BiuxSuxOZ9CcQ6SqICsDv,205181.0
5gsY63Dq5ht0LEvydhj9lA,140733.0
5h40ovzXu7rF7Giwb9oXYy,149429.0
3vull6iBmoDFACC8TRVabm,31989.0
1lB2kyB5h9ceZ388GBfC9L,57118.0
5TvcggVu3s2P1fMAS8BupX,94120.0
5XQPpKiBjXUI4bIenLBxci,16542.0
033N3Mf87ODmORg6YO61cm,85416.0
5D2lp16FQ0VIfLGRDn5jcG,123668.0
1xZdjsAGrY4BUIbIlYy3EX,35228.0
4fuLWKNpY01OLMT9tARnB4,15510.0
7s1zuCFsLb4ne97U3Hd6J3,167968.0
1p80AptLonBW0VilSi6xFj,146950.0
1WJg8vRU9O799Sp9f77TDG,36755.0
2qq0RYYIuQxXcOxQKN0drC,115516.0
01CuCSqlNItevX7F1GcopF,27266.0
2GOcde6C8b4jH17cYgKzlp,66153.0
6z6ug1DvIzTdel6vW8rHVu,40939.0
6ZF3dNXVuA6E8rOL4FX2EY,15443.0
3rVHrg2msB9jIvNsj0ceQM,9484.0
6tGtBvK6DezcjbtUxXGyxe,26076.0
2t8tS2m4ay8trF9rh28oLg,5673.0
0BF84G6iISr1qO6IV9msWs,50063.0
0xr24hc6g7hFBZcU4xY87j,59997.0
60nAGisfgCfnggF6PxKMej,157050.0
4xQMFoD33vx6stB1UzfA6s,78507.0
2exGztZ4FhpmrcYhwN4TQy,24846.0
5EGWLtIZ5M1g1nU1SdQ5PY,37650.0
3W6WaJa1wRQfbhqotaHtyM,16948.0
09b84uwrksszAvJwM6J28L,170156.0
6KIKRz9eSTXdNsGUnomdtW,1820444.0
6noajkkuZkla4d8E6sYUiY,26688.0
5JV45IebgbfO3EylYV49rl,59415.0
3BXZSoQubMuDfDh9GdP8pI,18950.0
1VlIjGDl74uwzy1nzeQ3Qr,22376.0
7JSHs5GH7pq5moVo8wu1I6,24076.0
5mew4rexHu1IV6kTXqH3Nu,58854.0
3IxqPuIsNbuudNO3cT9n8P,205369.0
53eSPiEnq4XkQSxczX7iKA,123668.0
71A6V5dh5Y8ikhm6NGwZ7p,469202.0
0sLrHBMJNOxEcMhcseE3I4,18917.0
0yndiszlOMgxOu3y2vKZvB,10108.0
1IocvXmTsMh3AHTINgU2Yy,15855.0
2SfCvAjoxwG9mySiYI2W9X,12308.0
2CbgPrMwa0UWUdppsOIoTR,15142.0
7BfnmWeEBPLWsIEfybTBYT,12940.0
7mPfubAjo4PVuRqO84bHZb,50193.0
0WVqFNhP455QxcS1VhIWmo,13430.0
4or07l14z6EHrymFXjIbUd,8123.0
5vPGvj5TkSehKPmwJysA4L,33918.0
6jBCehpNMkwFVF3dz4nLIW,422027.0
5IGUkmuTVroDG2PnaUiNFj,422027.0
5jG3djnKEjdcJwidjYWtxL,58575.0
4HvbESj3TfXqmprj30gr4Y,21138.0
7kUFkzmFsSIi02RTO7wAQF,9400.0
0LxskSIEX09s9AVgH0kmhS,43925.0
6iadTWoIsMQX0leDoADIXk,10453.0
5cyBD8a7G8xjOMO1LT52mh,10525.0
14uhhAByvx2F0y6kRkKJ0i,31405.0
7AOU7oaKRWHm5SG6IFVvtJ,80072.0
77KVmCUtgeNGoXRzzp7bF6,99224.0
2hBUlM8QtPvtFKqinG6ClR,33320.0
0Mu1MYdE414HeybYSms5KK,218440.0
0QmJnQQ4nWM7xkW2d2uyYI,20502.0
0kafh5JIluPkyHd5j8vpdV,10456.0
1o19erG7MurnvFf76zsX41,26580.0
5RGXoZt1qxmAErdhbyKJKq,1008035.0
2tY1gxCKslfXLFpFofYmJQ,152047.0
5YXoB0KJFppgXyxWu6G8OM,16969.0
0hioWv2FDtVePjHFTwgrf7,118411.0
3hgWbb7ww1dPI3TDxsQlCI,40393.0
2aRjuScpka878tUWOsLYpQ,24473.0
5GInBrdI4CfmZQDtykmkaY,612129.0
3O6x1B9uvMAnZJpLfzWzCM,14457.0
3AfTCDoSCXs1Ng1gghNznD,15217.0
1vIJBVsuMouxSuDxRtTaYI,66153.0
1Z4mVNtYGnpjHUoZVo3IMU,51312.0
2Erj7Y3IDBNvYxmq1Axvjs,8783.0
3elP66qkaTnPpnLDTrVHik,66305.0
06NdId7hx4fxPd2ScVZ6ON,8446.0
4aShYtxgzbBVkJwpi7pbDc,22848.0
1pOIpxfrQ8AszXZdKR3aH3,612129.0
519xI1wfOAJvHeV9kFdXaV,151265.0
0sNoN6hL6G4SgveTuM5fWL,7767.0
2MlzwfJ5U58oZLBHYrxYLS,5796.0
7pb9gOx7XsGQwpZlU5p6LF,32640.0
7C4yHdqe6x2fF1LxpwzGHD,25780.0
6jt8xuXd424y78MrNMNpvS,32768.0
3cb6gJ7SHYuZ3NVm996ffD,24893.0
5unLExF3iiG3YkU11u6wFO,6231.0
7112WRQXlBGe4Os43yw8gV,46423.0
478mMi69Mnt72YtdgiTorO,51162.0
0KFk2QVKWnZFRfVdKzbuX6,146950.0
71n6VlCnXoMBrHMRVSXwOa,6954.0
5eRAeATuIUzBEhL5Cbmzoi,196903.0
7e9BPg0oUL8wGRpDZCFf5t,38064.0
1i3xxWMwdPKDqrTEA9VgRc,205181.0
010WbkXIdKWoW9nv745hHA,15142.0
4nAukQPJhSwQMCAvRrQnb4,32278.0
6l1tmVO6bRmV7kSMsYaHZm,29716.0
0shIrYpCMWM0721jBuT7iV,7137.0
0V4uo88eJO6JgkdW4NUMZm,10364.0
3C8xkK4Cir2QmiaN07GIZs,72287.0
5aEP7fKcbR8ixO4jPntXuy,7304.0
46jK3Vp43pSrQxR45EIYcP,8545.0
2nBVBn9gKHwpsEbj6zD5qe,6206.0
6ibvulIFxRUneN2eRRNq35,8026.0
44oOAYlBnMLNZlFa3ZWXVb,20144.0
2P8KBF5BtraQiGpxDXrCnF,90752.0
5qGl6mO9ToKgCiewUFW0VQ,13017.0
4qLmCFNUlFJXOb9TvU9D2L,55398.0
1EDP4ELDdTXW0D67Im22HE,18389.0
2oarlR10iB6zYUu8k4XoNp,24995.0
1yLDrJrOBdzPIVgKo762h0,12736.0
7Ew2LpzBaCQnee6GkieDR2,17257.0
0gdajfMrIdhNPLgv1xC7B3,13670.0
4YT8aYraXHbVxYeupvChSv,81570.0
75vzHroJkJWv0AvwzWv1zU,74854.0
2ce2ift9TQGKmqB20F6od2,17166.0
0HKHRtDZ7Z3IcN0mHLKKyo,23146.0
2lPrtCVXwPvlOM96nrXO5c,91378.0
5sk5dxLhywH8yxYGSB2W9g,7941.0
2yET4JGcfp8fyEfDI0BQba,6077.0
4gL6J18mb93kNay5kuAUFR,5535.0
6ue6LsGS9TpriUO0NnU6Yh,17054.0
0wmydNAi8MbZXtf7cVecUi,13039.0
78TUbKW92ks9VOnB623s9d,8464.0
6NDvawBbLhpuEWJg0jtEtn,111275.0
0OGidxV6e9dWeN2bXjXBGi,27665.0
3PMJeC601827YaF2MCKiGt,7132.0
6Xy4xrbAi52V5MqkNehbwu,12736.0
4wiNvPbYWmCL7gDbmo2SyL,52179.0
3JI5LCu1WexUYYOcDU8GEM,38064.0
68O5AVwaeBqPOkNTDLHQET,41087.0
4D8b4ibpEboE0SLvwnPe6X,8634.0
2XYNq7LIQrh82m7LPiPN8w,36001.0
23BMfz7PwWssAANMZngNUd,5796.0
76eqlAukVuAvxovEbCK3uh,43321.0
6yD8nzhuBrE1kIv9TIyjk6,33918.0
5lWwAQUep9RKuwtSJY41ab,105464.0
3bZEtYBYJahicQkLAqg4Am,41087.0
0GeHyuLsR39CxwqxdMVKaN,25609.0
5GbprJsjx6AMgInnmA5KWm,36712.0
0Y5SgS6zNdKpfdlLRtYKf2,11345.0
4fukZMkYV1JgJ68NegVLtN,384121.0
5jkjpSsMOfsxgdGScPZVq2,116701.0
5CCxUFMknwuj2Y53ROCvi6,6523.0
38XOEv37waF4pd8Ztmna7K,62357.0
4sDXEltU35xgga78VFvmJe,78507.0
1g2eRmWpv2pfVDOgsYKiBS,20495.0
1iQZ8TG5knmq01wtbc2KWz,5025.0
2DYVOx818b5iQ0YRGrSMst,7641.0
4q6G2T3uLleqFvQnTC60NA,18570.0
6dDroaiwiix5dyDB8zUxHK,16988.0
0fmjCC6ItD4vixqwLTNGfg,36682.0
6FtkjtJGoli1D3tztj8QPV,8731.0
0sS7yBomZpDiFR6A86kdzm,11409.0
64850mXUPMByArvFTYFsDf,52013.0
1RQZP55ahAG2lrYlI0iUBl,16863.0
59vYYvb9JS5IQAp8xpf0CY,20987.0
1ND5cfGzHH4NnK9jIyvfC9,34848.0
0iQzC9nxzQZ5hVWlE5Lewy,28418.0
2ZUVbi0fe0mkM6Tm4voOpK,15217.0
17DML8FAjSvGbEPC4fm6yW,5951.0
3LC2Gs2ANFiNI1SkcJHwoN,7502.0
1r8sUc54a8THRynjpfYWqK,8634.0
68DGiGtJrVcGBeOf5UNpVz,49419.0
20s3FayrStM8GY0m4dRFsw,395463.0
792UwI6utk5DMQUT1KXa5E,157050.0
4On54MTAw5sr9IYFxrSJUu,89196.0
0cUdIgxc8bvI7VF7UtOe1t,15000.0
6L0reMMEHvJsEX7kBo8Dm5,30095.0
6MtGOvzYzARUf4M4nUb00s,6044.0
2emmlzr9mAdzJdotPGyuq7,29720.0
4USWxDtF8lnLTTaQDs2mQa,8047.0
7FWaqDbIq3OGZsC04CfuV9,173833.0
2qfTGzETefwtBWKDThZjnU,25626.0
209lm4CLIZIlwEeQby1nWP,26729.0
2hTHp4nMUiJyrrkdxwNig7,5527.0
3XwsGAtbEoBUzJfFmHSHSo,119813.0
7vbncEwhWfQes0OLEUeIxb,26389.0
17zC9AEvxzPsu8OFc9rmev,9098.0
3bhgMObzSnmuAHUXWXkU9d,28674.0
77S5EqAq3hkVbAepvHkwLy,18903.0
2kNG9FJB7FVN7BffCY56sh,9050.0
7MmhQMfjXPF2AnqrmbqvVB,117009.0
4FupIlegZgvXUuK79qcoKW,65857.0
3poCNa5qGyciYrQafIml0J,16790.0
1U57oys1Q6Qgc79LTyD2dt,15243.0
2jorOHulxgeDMAXZ2V07x0,5172.0
7j8g8gUNi8e3yvLMRHKQuY,47177.0
2JuKS0vF3hpmx8LQ0qtk5o,82642.0
6vcf7sA7tsNiIeufH0FUFL,92502.0
2bQNOHiiStuHAgqfTdMMyf,14624.0
4OChRM00RiZJabkXDb6RaT,5878.0
3P6fS71hWhZvOnnxQojJ0Z,60188.0
6JMIaVMbh5emijDiBODgit,63996.0
6EkU49LlNwhSu2rRwDTXfO,130621.0
7GOdFpyX7aUbHOaYt7mwyP,12865.0
3yms4Ypcqyal71lPkQ2Yex,24778.0
3s3n2yEQrRFIZDrKnpHJvV,29720.0
4Fkr6zTAxsXbG9kG8ISqos,69242.0
1hkerQkEkctLntTsgqQO0R,384121.0
12G1TYIfbpvC0mdFFn4Pbg,69287.0
5m8WUAOtjHLt3y8UVPXUIm,33320.0
2l7XyCCB5HK0Zx0ikWpkMz,31405.0
5qGIsQVWC725BvwHwxgbKz,9019.0
3StKzbpR9dRZB8epDx4KDW,44773.0
0q29h0PnCnuo7B0xXcg2mp,62357.0
4SMrx5BmR4F4IJkxAN1oCy,29295.0
2CwGWqDUOImtIn1vUl4i3r,5483.0
13YVDo7CfFKOt6U14KGKjQ,15142.0
2eXKIiuLZdn1H0yNAW7Fvm,40160.0
5yVr4kj611qKFuvI12SItT,65580.0
6ak8QS2iSc0mZMSGdgjA6w,6091.0
4aOjDKk1s5hlsEY5ZhhX3l,11764.0
1cf8cuou05R0DpFmDpUj61,8926.0
296O13m9fFkzPKDJh8YJXH,20670.0
4BGjnUWksjqjHnCcW1hDLo,5170.0
1TRaXveEPRDcfq36tcJTE0,18332.0
5VvzgKP2o891ugh6057WQ6,16027.0
2cBOh97kgDenDOdtKhwU9O,87971.0
3fatX7w8Wt9nmwGlXZsRFh,395463.0
1Ywhld85vt1JzZiT8hvWN0,119813.0
6256EIl4nEMLnzUBSwGtIA,116664.0
2PiVwGnCTMwHsegAbdGt9b,5312.0
73q8iP6JyZJg2ChN5VW05L,34791.0
1zAfj2rXxddGb8Dhnwxue8,16187.0
1TCqWw4BnA6hKnq0HQp0g9,52013.0
6wRvPNeuGg2mQA4agcxlBb,24995.0
5aD3fAa1fy8XUesj3lgr19,20670.0
4jypM5wJ4fKcene3I0SqUW,140733.0
55JYAswiVAIhO8mK2VVLe1,429640.0
5v1rBJ5HxZ7YhSSIuvW44K,12264.0
0igwjmMoXOZsm77dfwHZ9C,40204.0
3y7EqFPNSLUiB1zgXLtV52,6125.0
6nAFR5Ea3zGboy2d9CfWFp,42203.0
5QKM7U6l7bMdJItolkM4x4,1820444.0
0nGLRyRhkkGm1vEFkUMctq,56003.0
6LdpVTJzigyi2vbKe8mZAr,81115.0
5Yb472bdz1xBKe2cxJEi6s,52406.0
0Vqap6DWhvILPwGvbtlUi5,5324.0
6wVScBh7XU6rAgIUrqboUB,38444.0
0jlDI9VOB63CJoRJRDE6v9,18332.0
1qbc9sRRpam3NjYcI6bt0u,16647.0
3jmbbFdiHvAf1EGmveAHkU,17026.0
1nKNchIElrwVbKyrE9UrcA,81115.0
0Kedy2y8z29wEoBb9oneLr,63501.0
1V7Bef0m2ZRCnjUhTv6rDw,12763.0
0b2gLqiFoFl5qjs5CQcQaV,32768.0
2qv1Gb6Ki2j9Kan4KK1QqY,15243.0
3zZQBK70PhxltIZ9htS8wG,26279.0
1u2oMegSQZsnC1WBFG8zXM,14479.0
2YCwTTtl1WPBLICSX64K43,16400.0
3BqCF6gAhmZmqRd3ZBSO9i,5554.0
5Klgx19dxRpzMlNusBv2r0,5054.0
50TUIpVIwQ2HoQ4TbzIqRB,7310.0
2qTvQHkOwpQgwjfOoHG7nI,15533.0
2q7JLMpJD5zEAC1xU3zk9v,7178.0
3hx5R8nOKu5zvhlfDNSIQC,61572.0
0SKJnBQMLEvefrrW2SY0Uv,114927.0
6NPVrLokSQqM7Ivmk9WcxK,8241.0
65FZnTQnTLz2x99LdslyAf,395464.0
3a8r3EYOFZB7cT1OkK4zXF,111275.0
7a8QggRN3kbtoAZww6zku3,54992.0
4S5vsxnvFbahJOgXmGxe09,23587.0
6dLvocI8P9mckD2Op0m00W,23038.0
6AVJBHIumFAWO0IMBWetlQ,60533.0
0FJyFOTAJ49VDqx2PfjUnm,6901.0
1HS5ZGO0VGapsw04aqhk3a,5070.0
732diMAV0OkBImUsq73dEH,63501.0
0hbyODHkxc8dBTmFBhJoFj,92594.0
5f2UgMeNywtKxxZlIBHPms,20520.0
49aJ5vRZW88dognVrUcv5l,5409.0
0uwVaEAC6p8S83ctjNjtx1,49419.0
0F80bRF6X5sVUpE93k89ZC,144704.0
6dQ2QCVLDFE1QTxi0Q4ivx,25521.0
2M2K9rnLfeDOkYmvckSgTC,5848.0
4vEWRakctkzouRwOeR6BRQ,111768.0
6szfyVbU8VEEagcMyrbaAV,10724.0
6s2N5hnHBJc9Satf7l2LrY,62014.0
2IGoN8CcOz8JTRRM7DeWDz,46423.0
6WSmGLe8gFNnbymOMumLpc,5439.0
6annH9QTaMrIAm5soWhV46,170156.0
3GwAKTo1XPfd0L7rQB1ZhZ,27793.0
6m0wOLtrzaNwMofVVJTJqs,12946.0
3rUVrxExy58koSwc7mn5JW,7962.0
1RvsKxu7DXj6oojUZLq0Ur,47659.0
0AEDeskXKRo2E0r7ISoMAy,20442.0
2ZvAAapW3yAaVdmGfiJyJI,16889.0
4gySJmJjzpmWzujEqzD15r,6796.0
6bVUwujYeG4u9IBm4Vugfs,10371.0
2U7OMBBtgE4Ta9DLHvJnVF,52964.0
2Mcmyeb2gEQlgaPKJ6QWas,190409.0
7fjxc2JxSx51qrydS7jXTU,16481.0
5xc1DBXmB7MTajxDJ9cJcq,59415.0
63N457VulowgtmMNSCvdVR,5516.0
0a6Xa5zHnZAbMcuXH8r0BH,6674.0
6zgClTCI7zRqQLf148Sozu,8651.0
2ZNa0JaBwHoorzJ2Ofjtcv,5994.0
6zmBhUfnNb8ByO2oZlSEum,5240.0
1ehvxR1L5k96T6UIIUff7q,7499.0
1uI9dvgXnH8QP6kunOH22Y,8191.0
6xZ8qCWwI57p5tLMdNYRwJ,7465.0
5B77p9kIXMFuQU4igWBHQd,13757.0
4fNIcHdZGlOeBypAUXy4At,5588.0
4iuO0dinw5Bm18pXbZok8w,5700.0
6kshq2FhPFEY2v744OHTPp,35228.0
7I5CZszBx7fgniFmJ1eglZ,47177.0
1gkT3bbZmT42uc65KvaaRQ,7499.0
6G5u9JjlR02wbPOFHLFsyW,6895.0
4liJ2L7rUVWgBFpQopmE9m,6338.0
5sC1qAXa2if8zIHrYJp6Jy,6895.0
3sCTGjMtQp6UOjRq7igrug,12922.0
3RjUvypvWDOo3vCIx4F2pS,14330.0
5VwgO4npDQwJTYKtD4yCYJ,16187.0
1uaMmbCmOKkI1dg4yjosH6,13999.0
39kxl1Z3kJZGF5XH2DjyF4,6515.0
1jfdTEAPTiDW94j7bq0jLU,6612.0
7EUOjm58DWjYo6YXVjnyKX,13336.0
3fP75wimZu7S7bd0ZlbjHU,85576.0
3KBoU4tM9uMFUdN33kgTcR,25433.0
32lyqbuPnLgpjbFYQ2MyA4,36923.0
1d1xvHb75TOZ705LwbrkFJ,31405.0
3XHtUdE2ex4nxLmJoKQwEN,5557.0
2xPYvMnwIavq46a3V5n7Wc,5673.0
3nLsMbxcy2u57XRPhT0yzO,16859.0
2leVRmKc1EaL856vjEb8DN,7341.0
6lvHkPKsL8sHeCw4cAR7tw,9355.0
39vsjFm9kU2FNubcqGMzED,6278.0
6Us5bqpxGJBgcl47rKcw9r,25987.0
60z5ezmI1iL3s2pPEct4wh,15794.0
0ivoZL2gxZreHjeEFh0SgC,57992.0
2kdJAbzcLT7XEQ0QeZERIB,5345.0
3BVC9yYVPRxxJ17g025CPG,5254.0
2uBFtFh4TyuxiF4k484ZPn,6189.0
3qqUw6rEODQDNSe3CrmSsM,7497.0
1OGeohw7AmZDTQ6yInadUg,6125.0
2LXcpTlzesRJ47AwdHRYYI,5538.0
3l8XDXCUH7Hk5UOyzMAoJK,8287.0
5Lccwf2xLlphMDWZD7xtuw,5302.0
5uGjDApt1zBV7Q9LsmGJmD,5351.0
1Y97gTBdgdM3KCzB4JaeA9,5646.0
1wTKqgm2mIf6fIKD1q0Rtk,19910.0
2Fbo3XNgAKLlEhGwaIJ3qc,10659.0
1GhrWTBhCvhtsVZJMN6LAl,36001.0
3A70aETyMt4sffFu9Del9s,9576.0
11ZLB8y288LkfhDPzZaBEQ,13964.0
1a7GlfMOhO5eLwlPsitDV6,1668808.0
2TF1lr2nApVOzA8RQEGCux,5493.0
02cgZoDxKPVZ64fMYqhHHm,34405.0
5khogpvhgKKqs4vnhNJ05M,38444.0
0TX1h7RmqGl4vAFzgTWwuW,7882.0
7IsDxjibIjtXXZKQH0Zxud,22811.0
2hoNCH2y3I7uO0sVuuVXGh,74854.0
28VVPnJBWYHTwY0Yl00SWn,8413.0
6tYX8lbMl5aH3p3Cnew6mG,8445.0
20dgDwgy1ebrBp90X8F0O3,81570.0
63nkEFxSYL6uAIpGNz0lAG,5694.0
6uxkKybDrqTygGaJWlJY1W,6326.0
6riXG72RIa0eoA1sjc3y7R,25609.0
0ogowUEkH4GYNpjF0Opu9d,40939.0
0Wj00ZGxPf6GAs7s2ellsF,17328.0
4weM0wbfkbUeH8LnalJU37,6326.0
3MWtsaHhM7tThyvDVGfVIn,41423.0
6nhw8WmJ9vCI5r9aH1SxXc,56003.0
4nD2OyufWgHLena79iDtFU,5794.0
3BJC1CvQHTe4eNyFbSRloV,5293.0
7MAktUgqGzfPAvBpwvmo4s,20670.0
4zdlH7x0X40rMAxBbVRpzw,6189.0
2icrqvQUYVnkg3zOdsOtIL,17026.0
61Lq25KbHHdvL1IlEEZzfK,12093.0
585wvdWcCYUm57HdpCHGHO,28418.0
36yAmew00sW9M57w8q7AJS,18382.0
5hGsUZIjiBZq4QRtjdulKB,6096.0
2j1SD3vTtPTJKjhE4HjoKY,10659.0
0PkYMLZIJkbF7JQefev2uP,5123.0
40IT3drD8HvN74YnOPUxf5,12354.0
1ymBMaDgBOfnwDgels2XTM,10755.0
5M7CrCQw6OosbYDYqVlEMm,10853.0
5YDRWowh4t3VA6dtHhohn0,13302.0
3VzzWGrxsvUrk2jSpdWoqx,61572.0
6zM53Zm1NrgDasdfqIWjS2,5596.0
0cyng4UDRv3VJa8cndqeAf,18580.0
7dQ1tN766W8BdRHei6H01t,65580.0
5cbFumnYAk3C5vxRCr5EQ1,21378.0
0EaCWkKFsjRwW1jaCVHw5J,20491.0
2l4ePynIXB1ZfsbMHjYA3a,5349.0
6lyoUbRVLS5dz0ckrQfiCJ,7684.0
2NLheo9wFIRU7xg7gjGnBm,8951.0
49nbUXiykBufYU09bIsp9y,7678.0
70Nz4Fjf3Ia2CBO3CdcSJI,8241.0
1loH9IeqthW7LTFH5Co5v2,173833.0
4RgOXi5MfYg78aGaHtl5aU,16859.0
2hb8KK0qXLVNKIvVnfJkFj,5172.0
6z3eaTmPb3PFX6iJXoYgvH,116701.0
4tlCpwNUuj21wBCHYicqxQ,7532.0
3VwTTj2VUXP3MCGBdJxHcp,9935.0
0whhNDwpxiE1V1IuHpaMow,57451.0
7x38cjSF7wOMVM68pO0HVi,5662.0
7j7DIqhVZD3f9OeV31oJ3V,37473.0
4bmy79jUpTItuVM5DbLxWn,40160.0
7caBMTXwaCeUaCuTQkoRfb,11764.0
4t1uvjVUQHtjDGBezkvWi1,5658.0
3OhzXjxJ9TsZ2lB04HsNFF,5229.0
3qCxaehq7Kausy315EyW6S,20670.0
3q9DYjr28YwyjQk7fqdTzq,5690.0
72qvOXbdp4t8QhihaqwQtR,16481.0
1Owdf1dS8EJcvplMjqZGTt,63996.0
0LX0Y22EJZcT0O8cASey8L,78507.0
1xeIUjs1kAeTFO00YuZBOY,5345.0
4TJXoLtQ0Z3J6bxRJOS0i3,25780.0
6y6alMwstF6zagJ70v64hM,20442.0
3kjABSmBHjbtFprHHU0CkS,20670.0
7cvPHndWw6xvjZOWF1D3w0,6326.0
3F644VZh6mKJYdH3gSlrjb,32278.0
4fpPocHuVKLYcFRAKVzZjo,205369.0
1DhBPo6uAPp2nIVqHsvgAA,115516.0
6bPUIXPRpbfsYvOA8VRjty,5633.0
4VZIHk9xno2paYrqzSIexJ,395466.0
3DAS73V6QZiwkMuuuApoWk,5865.0
4a5wM48UvlvynOGfxid0Pb,5536.0
2pqkGp8MItOJziI2e0iXfX,167968.0
1GF8el307hSGFUjTdIgEgG,19910.0
3iZFCLtKzcpiG9E48kLOSo,9804.0
6ORBNIOV2eQ063or5OnW2G,14373.0
6VEB6rNqDCbmdDYH2eaV5b,5322.0
7lQq05apF1b42fllh5KIGh,16125.0
4ZUAeu6Y8GXWKzyHus9CJg,6418.0
6VDd0D691kO3cfYCxoP2ud,12867.0
6IgCHnoCLkPP42qM35CYOX,6451.0
2WD54nTyymXzPbafzvrC3n,20670.0
5Cwq2apC9VlJ5XQf3pBrNi,10250.0
54IA1P22FSX9fn0DXCwUfv,5491.0
4B7mtrKXWyKbD8NwUmEw9w,6717.0
6Fcv0iPgizVoh93DcEzmIe,5301.0
2obHxbT4dIVFki6kuVe5cE,43925.0
1gWTvfe40muDoNZMF59fL5,8123.0
2eSqu6ma6BRY13ruzeNTqy,16125.0
55n7J8e90XCdn4tJztLDEC,20670.0
0tNbX3mWoa56VM3AiheuTB,12354.0
4z8dXAo9K3iGn3WarzSSPS,7641.0
3SFG7QDbr3Bld0y2qOcUcS,20670.0
0TkoVjZiFfpcthgGhNEqGu,6231.0
5J5WtCf0505eTmeU6LSVaS,40204.0
757ILHARTXbIgh7QkiGARP,169660.0
46Qsoyq0I78VxE6UOSy1DP,5710.0
4CeEnUSGOQGu12wRRCQ3cn,123668.0
1W1DgQEAEeCS7pGeWzzDFO,15583.0
6NDvxxcvWXOrbO3c6OBjo2,5872.0
7aEqInGSfUZtKQpplQk25Q,5015.0
1TYh79SKKf8ngQjbxIkcYY,7767.0
4m5vFbIlYzIETki3H6za3E,24894.0
0TIjd83rowsLeiNTna4f8E,65857.0
3w3bK7w9VOKzol8BAdI4Ou,5884.0
4aI8SIgYlGR31syFu7bj39,57993.0
7ByFPbIRGNJJIVAipvHONa,71025.0
2uBF9ee1t29l827x6FpZlY,52774.0
1X2O4ObuDdTZAsAVB6zg5t,25418.0
6S9opMHZcaNNGX7bJWZ5GT,5588.0
0xZGy4inUkefqeGFXtfmDk,57451.0
0WX7wNNrRp2QGJ4gaiR2iR,8545.0
75Jg5nLmggptTreTzNwQhI,5839.0
3n41CvDOf8D5R28QRa5p41,6811.0
0PlEiTxFoaX4UzD59funXC,9792.0
3ul472LF6y5SHkHAfTrkkG,20670.0
2Er0N4PPlHLAIVd04gLfal,8287.0
7qCZ9bpAhGWz7KaQyOkUzO,17257.0
3xe1WaPnkhYLjr8f17wJCA,20670.0
2NA31jII5RRyoa65Uicvw3,5483.0
2cvetrmeODjk7mTCseqGXK,14457.0
2k4DwBf1Mc8A7a0jbnC0KZ,6612.0
1FfpJD916f2R2pzTd4qzy7,31630.0
1JcRAbHnTuzWin8IJ3rfC8,15794.0
4WiyoDSm3oU0Ynlh4ful7a,32640.0
4hpVHtCUp5JWwnImaN6Dee,21138.0
1lKR4F6XphKkjsJqxc73bE,5803.0
3mFzIFFFmEXTQs6BDAK2ZZ,197842.0
2JvPJ8ydPuN2NhpH4oti6I,87653.0
2tUBqZG2AbRi7Q0BIrVrEj,405815.0
3pbtBomO4Zt5gGiqsYeiBH,245441.0
3koCCeSaVUyrRo3N2gHrd8,254055.0
21qnJAMtzC6S5SESuqQLEK,543774.0
3K7Q9PHUWPTaknlbFPThn2,282369.0
3SnGymj6ijE2iuUfWxLo1q,372386.0
1ot6jEe4w4hYnsOPjd3xKQ,214552.0
4Cv6ongCvJy9JfSkWVnb5D,104730.0
1V9C0pLA8yIVPLgjt8MFt8,297219.0
4DiNls6kFmF1ZittKsPsTc,399725.0
4EHZ571PqEo5hH4HSegSA3,86256.0
1mMYaXpT65iZDtvfRA9EkE,65887.0
2IvetNzSZMH5gwjInoyr18,738389.0
4rS63BySQrdWuTswkkZ5iS,72428.0
5ZpDiWqCG93McsnuHu9uCR,297219.0
0s6e7ZafqOAUBDoQYGmxrc,133101.0
1AhLr3bpGIfeHUZ18WCpPV,9714.0
0v9kGNjkKdQUdDoBIuiph4,109538.0
1vbe9sh7U9vdMceAhitWr2,311038.0
1M0J45ZSv6qNaBSbGCIcGV,31314.0
0uLI1jac8ZJSSRG4QJDo3J,6444.0
1ko2lVN0vKGUl9zrU0qSlT,857020.0
6d4XP98nTswxMycT6fdZNN,11457.0
3FlOciKDqFlTMPeC7t92Qy,59665.0
2u8MGAiS2hBVE7GZzTZLQI,214552.0
3Uyxe1fbF4zWSEwy38qgMw,12138.0
3L9ClO1W5KmebIXTrlKShF,29829.0
4XhrowM5IKGCRrY2HzYBH3,71676.0
7uEqtkXR2ZhHywbFwSS40M,5316.0
2bTe1fvWK8mfjSP6NqXDzU,32946.0
4o9Kj7onklt6xbYl3jVArp,7713.0
3DIe90xqHuUDtyuapTwCAR,45913.0
1qIagqll7ZcgmiLTrtSvKc,9475.0
3r0Rhl5Zdo9YjACZNsaBvN,35420.0
4nTYxxF8iWBq54LO3dBUie,42770.0
0bSr5pybJSlgG5OZH441gF,17490.0
7JmPqImeW3kLoYVNBA9v11,109966.0
3clIHVzJ9J2rvvrFUKLICo,15137.0
2hWI9GNr3kBrxZ7Mphho4Q,37774.0
6VZdUa8JjaGF2LGsiRG9lC,25215.0
0FO5CkdIFiKOJNETXTyCMS,9325.0
0rwSJNnKEiC3aIhjRUvGu3,48904.0
4DbUk1qwcz9KKcUY4t8f8u,27205.0
6gTWAUYQMAQV3Cw2t5kWrx,45046.0
2uNrRV1HuMht5v1Y9eqDqh,7713.0
6Ps04Nfh2PySU4fIPZWxrU,30517.0
4r5VaK6H1bq0cTGPMTN97Z,25722.0
2S7RApTsKT0CtYojYq2cKz,157065.0
7vVIj8Tm1wCawjvwVZdeLD,42894.0
5KG4OVGxSrFmNHGZBezJJn,51880.0
7yVtuQux71kxcRk99ILX5c,6219.0
4xE6Vrfv6sm4jkr8mF0SNp,57476.0
6mdNRnbiVerwM8kGCS1KwD,62799.0
6poribUG9PSY1eudyCjJTS,43447.0
3AgvZyLH4sWkII5bnU80aQ,214552.0
2OEaDUMy7y35mk78ZWcwTC,21869.0
65E3ajL0Yz7kljk89Qdm6Q,5470.0
5LkcAjqj5NOctNGi2qUjlw,82353.0
424pNN5XqYHje4vNpuHgBT,185297.0
16flEBCtUF67V5yO0GxYWn,13520.0
2yE2mvPQJ3qLtLJiRfg23G,12138.0
4rS4K30qVDExdjeU4feF4c,6536.0
6ez4yXpLini3DSbaLR10qZ,10657.0
4SuabhTNPBTBFjfOjhvRNQ,85010.0
0ozd432IdkUR3ItM8ieKt0,15093.0
4sfSGt1c19O2LI7lLn272S,85010.0
1mk6Ts3Rl80ZiRuGdV8ydx,7307.0
2Ltm1hcqVSFt0Nh4dD7Z5R,17880.0
3ojDU1HhKEfdExIN6QsK8q,54275.0
3szW87j0gVLQmpulz4P8Rf,107821.0
512No5uXtXbhNh7OOz03pF,24985.0
0NixI1hrDpEnAhTVEqSZwl,60693.0
5OKScc0MSa9Wl8g2zrulLn,45962.0
796T2ROxTNibXRjVhjSzCa,10543.0
58RWYT5MGo8e4Y3WAZHh9g,35229.0
1PhnGug15WBUZZUEp7DDY8,24233.0
72OrfuJ9RxfLCoqAMeKHCZ,74499.0
67j0ZucyzdfMGWLe2kh6Ze,73493.0
2MQ23MqDI0N9IVy8iaZddc,10080.0
2PWlilIaayKTEnpre46n3l,5499.0
4k0bXm9Q4RaTuYi09i4lKK,29829.0
0tqFmacDPH8pSg2bBONMEc,11593.0
17YYnMu1HTrqSwWGJ7lqpP,6988.0
7jHOi7ls5RjJaOtmMSxY8w,5672.0
1zOU6M1x4qSgvIJ2SxCucE,33705.0
3sX3c6QUPSAiKf77RZRf5B,9385.0
5VzqFMyPERPObMOzZdELuK,8945.0
2BVAJOQe3MjhbKOLCIG9at,43447.0
1TtJkmAW9Rc55iVOPgZ33z,8544.0
1xPVaZBBA8GO8jNIFnSkVm,6444.0
2vZny8SPiZ9YsgTvWnKpJO,71715.0
0vryyKyxCFXT0gg670yNEw,15495.0
1AKI0dqAIamOa2UamiHNF9,89525.0
5Ufxoce7evv4Z9LofZUKpx,54275.0
5vywtoD7fO1CP0B2wtm6I6,45356.0
2GRMJEIAvKlqJd9UHZTjRD,14931.0
0KgbwF3wEBvPWPwwTLo9iR,17850.0
7r4ZN8F22eBQeN0aMqwzgN,9666.0
3su8VunluUL4Oj7UTTEREt,10353.0
1wAfRQ0q2FlWaKPpqedjUR,46621.0
1YjBJlLZh4wwnfYZCr3jrE,6803.0
3jA9wIZHmiXWYAG06Dc8rp,45445.0
1U3XgEP8gEpn7jdzoeamci,232383.0
0sRaIp06gw4ZOt5VevOKnf,9632.0
41bTpvSwi26sD79ZgaCztE,20670.0
4d4yVNYVwxrNsy5ukJ4QTJ,8750.0
5Dc7ojqnUiIQPmMTkqmZIN,18334.0
1qovx9TS0uu8S1AMVlNv8H,13646.0
4swOfLpGpRXhJaJjYjBuIH,6737.0
3EHD1utxPtIogoeZ7QrVWT,20889.0
48YZhmKL3aZKhQUfpvkelu,16388.0
202QpSJo7inyEKWeARd5Ax,57741.0
09O4D9HetqHSkgInytQFc5,204905.0
0jZaj1P1ZWt4egiHYiK5uT,20608.0
3Swc1delyFn1fwPDkInUhC,7292.0
25KtcsHvLIeNuu03u7S8Jn,7459.0
3iZIki3LcOtyY3Cg5DEllm,14851.0
1uI848raFaNWwe9HjHpjQ5,44661.0
3pFT1UfjSdKwjIS0tWg7ka,19987.0
2vtIfsm5Qz21bqsHyARoLp,85011.0
0mZsMH5ZUBkhkDHy3YnXlM,9115.0
43EKq969zmTvk6QmjgmiRW,10105.0
4b2qn7YRQkVAsbC8pWa7yn,14241.0
0L2nLk6afKbOterlTArabq,341852.0
63W4sfeRTTiNKFLAzUJHFe,18370.0
3zsyZzMZiKlFiiW1VnerX9,21090.0
3yEEVvIZte7i4ImYSnuFqr,12469.0
019KRrap2TW8ASDAWbe6OU,1287942.0
1oP3OXN5VK57w5UveOjZmW,41571.0
7jqbwPgRFnUlQkn4A2zvMu,46646.0
6DJdI4kCC1tzyOMJiV8bwR,9869.0
2qekRBX1LJ3qwVJONJoS5e,8138.0
6NdX7DthSxdXpRXDSQZZKS,12861.0
34vs8Nv1UbY63eWgMR1Tb2,9758.0
2fv6Qeb7Z3uaqBeYINvJ0f,25338.0
3sxsPnFxYM1dqyAK33gN2n,11729.0
4fc9LTyfEfPrLArGeNDGGJ,6495.0
1Kifs1uq9kjgXBoXThTU8G,8234.0
6B71GKmm2ogxd8uhpsMr9n,8042.0
0Qmu2DYKupUetYUbxqvtw2,100681.0
7hlABhU8ubAGLbupiYMscT,13646.0
3aHqs6SCMoNQ1GtPCG6mwP,74500.0
5I0WMWBGRuHiAwNa6yjm9r,37775.0
7t4rA2AxpG7yAhgRwopfn2,13961.0
0apu71WIvpxoP5bGaOAVD0,5735.0
4ZJQ4yuCsKCNGt1N0iFIj4,19417.0
6QypjtLLKmIyLZqnOli07s,5258.0
3mZ6PVxWBhCycZxeEJQDNs,14277.0
5IhBjmG7k7z9HVkvPl17N5,15558.0
6GS6uE1vDmtzxO8GztAR2O,9085.0
2ce4RsJ38JH1iroQhoph3J,8740.0
2EpPgLaCzXNp49ZfiX4GMC,8940.0
4qiEWJIMj2ZcAPBAh7XdAv,30517.0
1w4nQLhcPL9ivYz2TY3Lji,26726.0
0EYigGnn91koV8IhpDjCrG,5817.0
5TEJAa9EooWpPzsApMc7uQ,5645.0
5N73ncX9gjmRv9lIpZ85nS,84428.0
4FGAOmf2vxT7FF8w2vL6R6,8670.0
2P2rhs7AtvqUzerhAZDbNu,34848.0
1b5SISCI3nhthZFcVSLgIF,20878.0
3JLcx6VISiIx3Y30XPQ4K9,6113.0
1MWZo8xrgHiM1j3DTxxhRM,7830.0
5NPit2h1lvm29ywilCnbS5,232383.0
5pDuoknrQ3ChYhxb5bIMA3,12439.0
69yVorve3CSUgza89ZxLeS,7801.0
3h9RfFtjIw2Yb6Blogxnm4,8548.0
255YBFFiVe4ldKi15PYGDv,30517.0
6Ei6QAnG87QHLRe0Nqgqy2,193458.0
3OGA5VsFUjsAVO2WGUatme,7393.0
5B6S9xKyasHFf1ldBkxsdC,46548.0
35Iy0Neh1ewQapV6n0td6X,6812.0
1kPq8QhmSbR7cC9G3KnZHa,7231.0
1uIiaKkeDyhTgXkB5qRUAv,11081.0
68oPWciPnkCZBNbq0HfFJE,36953.0
0gHkjoBlFRmqyhAd6Df1q0,33705.0
5U7RKVDXowgexGvJWwn0rK,7267.0
5GRCzTW8NmhzPqDM5H9aKz,12032.0
3SL3D72fBngP6GqouoUQOq,6715.0
4tSteFXglCBaG6sFvYCBVX,7654.0
0HQf0bd3oSZei450iKuUFR,72985.0
3spmBjPY8HCNCR6Y0H7Ahd,245441.0
6IgEGOy7TDUwitAtKgUqeO,5179.0
3MJOiicdOtPcXg0uuvM1VL,8042.0
7t4JfA6DUGxywPmy9SXixz,8507.0
3bAxCP6BjdFvezAhUl2EGV,12094.0
4L5ag9C1m1gEAPs5KC3yuy,6179.0
1ZR76Q8abbn7fyZhzVb5bv,6433.0
4fgsIpXy6FHyJCLLZ9OqQF,56919.0
68ffXcOFU1Qxjo3Wbg5hMB,162261.0
5A5xAcQywDqzT2fCDFUU2L,6918.0
2fthkgHrCwugToHyk5gZD9,133101.0
3s6UF8KC2k4nFwRConFYfJ,8962.0
0pUl6lmmlNlFZ04MayOSzB,16004.0
7EJcVB3ifS0qFcFGOpdLCu,9475.0
16tRLWoOw8SWXoMem3rENi,100681.0
3Jmc8fYHFMwpIiT7pg7ggt,11020.0
2Iw5Rd1IGACxv2CPUZguiG,13374.0
5UToj1jQ4Qq2QFxBW0aDWD,13513.0
2if6vtWHR02Jiwwr4CqglX,88423.0
1nuoEL8y6f4qCJ7X6zlbpU,21015.0
3oW3ojSv7v0dwawQbU16IY,178787.0
74D3tZI3Cd9PCx3BGZG1vo,5399.0
7fvpQhtkRJOApCjNmSLehs,6341.0
6Wqo4NtO3Ep3QlB0VpK7D8,5619.0
0uIqV0X1M1vjti0ubMOInt,6099.0
3pS5eiuBPsQn5ID6RElg9G,13731.0
6jn5Zhesz34c1sqtllJVWq,7959.0
7sjjL7hQLZnbpMebhjjPtA,7307.0
6BO9JA0UQ1lbaRRxHeltiv,30517.0
2nWHzbBWBOePUvAImQv2So,13320.0
0xbjaqanyL1Us6g8kVKE3h,14252.0
1zaigPe4NB94tc4CRshK46,7361.0
4LDPtuYOuAFtM6LBoRN0So,5622.0
4sFGkok98Cu0gu52fD48Xr,67804.0
1eZuZj2FOmb2u0150TaC8x,19188.0
687mfVfetXFntD7DJpBT3N,6459.0
04tSWZo4MLebMbf7RwSmyE,10640.0
3JWzrHximoqNufANVQD2DP,83754.0
5ay7lvuij2y4KFf3jThDsG,9392.0
3DnaJyHVp0NoE3jfG50hWm,31630.0
1Oz5bcZyzhiaEa3F06EiPY,54357.0
4mv8AttFlMNGQd6pzyh0NE,23921.0
0byZO3qfmwPGAsLqpK6Rap,15973.0
01TzbTwZ9Mce9mOeBpH03i,23489.0
2uUafMsxVP0UvM8WxjdA81,5141.0
4hC7KehNhI78Qmnk3y4KAH,5565.0
5TqUghz3FRLeWKkwOVaumY,5442.0
3Q3XLVUfQ0HOxUOtCUYMpG,8570.0
2MJX97mgMzwMzA0yGA69xn,12579.0
5r6ADOcMFbdo5VSgTmjXfw,13513.0
3Tko0RJ41cH53qq80T7DxC,11704.0
48ScV1Ft5BCX4U9kfS1QXo,81642.0
0Orud39gtgh83Ner8eIMIl,13326.0
5j9vqiVm3Rk9rW5WFGtT27,55288.0
4e3AL3lOlUtLe4nseczBzK,5628.0
0cQyA8Rf1Tso2y9ZifoIqu,5511.0
6wmhsZbh12vbawlva6Ek5y,5111.0
0csWSjZhXwcIyRcJpTgAuV,23773.0
0XpJaafBTohHGhhdrp83rJ,10990.0
7awBgmQ3B0YscMXPBwE1gQ,12861.0
3rv2u0rfXCZrUoeposkCML,5854.0
1nbtnU2737Kd4CGP11ka41,8168.0
3i3W6JXFIIRnrm9RKUkaaC,26852.0
2NbpsEkwKKh9oH7EtS4xnf,5146.0
0REEBq6sVGhhP9iQBHGiJ6,105493.0
78QxX059C2BQzDidVE0h2B,46725.0
5KGrRluHWVX4GmlzHqweCm,8443.0
6hc9boGaSvLntqXyLcC7NW,6738.0
4eWBpAvWBGBvEwW7RRO1FR,50538.0
6a0080ktfXxhglyLykLsAL,8345.0
0H3JhryXvM39aQ7kZElj0R,81642.0
4T4GFHCelpWURCVrF2xetE,12511.0
2OxuQvkJR7vAgEoXL8Myyd,6731.0
0fqz68x2kQMYaa6S5gJeYP,54200.0
2loMPlz3JWjFGF6fPoiSoo,6131.0
1S3G1e8po0gJwauwiyFmTB,69973.0
7AEfPUY8gHoEzQja4OOO49,196399.0
79hX0z70ufkP63Ocr4Jz4K,12154.0
3nyKkvzqkPJHqBBELbDHQD,8192.0
7AERV8NHv04U0xGM5Wac62,142804.0
4bJMrN6Z33iEScmu1FoAcj,5610.0
0f7XQBRdj0XDroVls8Mr7F,5025.0
6Q2gYxDdz165RwZXHCcyIy,24106.0
252PdgFP3fefju8nMF8o4Q,23587.0
6MXDYPOPlb5yjpela1myjG,21647.0
1Ca69cGRReZz8zKTd05HMF,55288.0
3MQfzNJm0Kha4uRXb9oRDG,56919.0
7FgWlF6VAk4ZpZLaKRWZ7B,20670.0
7LJ4s9X8MLruygQFr0XeNB,50538.0
1BAjT9ZkfMXerkzWvBiTjb,5463.0
2Fqc4ZlmvdSul7rqyXPNQn,6113.0
2LuOSg9SWFjmHWU9OQm0Hw,15192.0
0SM3WycBAzfeHvtx8k99fg,5896.0
50V2da5H5CkfqcAXo4T3NF,6293.0
42UpH9fz5utv8tkvOgh5Qb,10221.0
6rX8XrnLLIggn6ItYWnoMM,9119.0
4Ht0ZeZY75v55IIU6smMT3,22175.0
17CdWjw8yiJrv9q5LOOCcv,5478.0
12rm612h847Y42q9MK320E,30517.0
3y4IHxlyWoF1Y3RbiWXVVr,5413.0
55QIoPBxFXVUydOz1OzB9B,271571.0
78ul3KOGtlzi2sKX8XF3Jx,12664.0
7y1u6imIRHxTT40WMbLmKs,399732.0
2QnekPkVoCLJjjBzLLUpyl,1070103.0
5lWdRAzgbT2AHflZ0IZAtW,6951.0
5k2KhFPxsCibjZJWI55wFr,17850.0
48Y49SVnsAEuZ0dWt60tH5,89525.0
5DpX7l4oJ9cht2mjaPZnta,33686.0
3rTjTsxZGJmA57cxxSFhj5,8740.0
0Iv6ig3ixIwSbFHUCkHRVG,153979.0
2Op1CmlVF2o1NIM1cMQoPK,40703.0
63TCMeuGvgmwYMQv4StKRW,6420.0
2uE7gp6mALypP8xDUN8ye5,15137.0
3PiCjUoXdG37DiMSksWmYO,9542.0
7IwxTJuLn0yVDRcvRDTwrc,913312.0
1m2Nhacm0P7zxEia9xMMme,6211.0
1ktBJ9Se8CxGQ2wjXiIev5,42811.0
5TrBpI6fSSMKKT3D5eOdkd,82353.0
11GOQGHOklyufCl04WM8Kc,6869.0
32tAi7JKQXHzVQ2RRo4XB6,73493.0
0owWoDE5EfIunEcbEkIE2D,7535.0
21J0jPiMlIpXpKVFjyARP4,12118.0
5hqVbpOz7rnf5wLDzBL2eF,6341.0
2EjnH55mnsEjYMoZ9Q6rSe,7331.0
5amJrR2DUoxEHCMomzhgkE,6689.0
0bgOqYibNvxS90pFJNlHdx,12118.0
6Qyc6fS4DsZjB2mRW9DsQs,2209117.0
70LcF31zb1H0PyJoS1Sx1r,11212851.0
4P5KoWXOxwuobLmHXLMobV,2523526.0
1G391cbiT3v3Cywg8T7DM1,911576.0
5ghIJDpPoe3CfHMGu71E6T,3653869.0
2fuYa3Lx06QQJAm0MjztKr,1075131.0
57bgtoPSgt236HzfBOd8kj,483907.0
5UWwZ5lm5PKu6eKsHAGxOk,1524374.0
3d9DChrdc6BOeFsbrZ3Is0,1917141.0
0gEyKnHvgkrkBM6fbeHdwK,844016.0
48UPSzbZjgc449aqz8bxox,2118949.0
6L89mwZXSOwYl76YXfX13s,813053.0
5cZqsjVs6MevCnAkasbEOX,1005746.0
64BbK9SFKH2jk86U3dGj2P,933701.0
0jWgAnTrNZmOGmqgvHhZEm,6081855.0
25FTMokYEbEWHEdss5JLZS,3737893.0
31AOj9sFz2gM0O3hMARRBx,1115576.0
11LmqTE2naFULdEP94AUBa,1427192.0
5Xak5fmy089t0FYmh3VJiY,991523.0
10nyNJ6zNy2YVYLrcwLccB,1524523.0
1FkoVC85Ds3mFoK0fVqEqP,455716.0
1nLnpLXvl68RZCSjfkyiaa,428586.0
2JuasWPUodaUxf5nwNpciQ,834532.0
6gZVQvQZOFpzIy3HblJ20F,528060.0
1158ckiB5S4cpsdYHDB9IF,311651.0
5DiXcVovI0FcY2s0icWWUu,661592.0
7aQjPecQdIuNd1sz3KCDhD,829830.0
4JGKZS7h4Qa16gOU3oNETV,694760.0
1ZozJfi8u9cO2Ob8KwiwNT,167923.0
1Cwsd5xI8CajJz795oy4XF,350926.0
2EoOZnxNgtmZaD8uUmz2nD,790012.0
6W21LNLz9Sw7sUSNWMSHRu,509219.0
6QewNVIDKdSl8Y3ycuHIei,1081359.0
1Dr1fXbc2IxaK1Mu8P8Khz,300393.0
73CKjW3vsUXRpy3NnX4H7F,935631.0
6vUPPEN2V2lZ78b6DyEIjZ,230218.0
3mwvKOyMmG77zZRunnxp9E,1156470.0
3YRCqOhFifThpSRFJ1VWFM,845968.0
7w6PJe5KBPyvuRYxFkPssC,194756.0
63OQupATfueTdZMWTxW03A,2271950.0
4Uiw0Sl9yskBaC6P4DcdVD,369188.0
452KBpASS5lZLeJWX9Ixub,381032.0
263aNAQCeFSWipk896byo6,526251.0
4JiEyzf0Md7KEFFGWDDdCr,571012.0
5vRPXm59z8ewWO6WiJHg3m,135609.0
6urCAbunOQI4bLhmGpX7iS,501571.0
3oyByfBYegVEDwYyqx9pRd,18763.0
15VRO9CQwMpbqUYA7e6Hwg,746019.0
0nnwn7LWHCAu09jfuH1xTA,89155.0
0z1o5L7HJx562xZSATcIpY,1143428.0
4dVbhS6OiYvFikshyaQaCN,483059.0
4anqYZt4APNlFwQixpbdZR,203735.0
1qPbGZqppFwLwcBC1JQ6Vr,2907919.0
6xkryXuiZU360Lngd4sx13,586255.0
2YodwKJnbPyNKe8XXSE9V7,1211902.0
2a1iMaoWQ5MnvLFBDv4qkf,579783.0
0wvIGFIgbyz4JNwQhZgTv2,45790.0
53o05J0uSWOedPwN4Z0oyo,101683.0
1G8jae4jD8mwkXdodqHsBM,321612.0
1Ic9pKxGSJGM0LKeqf6lGe,739029.0
3bE5slaVEfaDreqARl6k4M,634817.0
5OQsiBsky2k2kDKy2bX2eT,275488.0
0QnONzv3TvHAWk294h6DaQ,252328.0
5mkGfmJGFZpwK9nA5amOhv,246993.0
6nJPHXRpKYv2yqtalEjKy5,162448.0
1TEZWG1FdjzDdercCguTwj,249675.0
0oxYB9GoOIDrdzniNdKC44,272923.0
30HCB1FoE77IfGRyNv4eFq,913214.0
0wokCRaKD0zPNhMRXAgVsr,215048.0
1L94M3KIu7QluZe63g64rv,1099062.0
7mnGQesk1TzQLzQ9bYWZPR,207476.0
5WhtlIoxoZrMmuaWWEQhwV,632060.0
5UaDi8KzCGJqFfVAOBfXhi,7535.0
5BnFZLH99sYav2cxJFGO2n,182559.0
5mc6EyF1OIEOhAkD0Gg9Lc,615396.0
0Puj4YlTm6xNzDDADXHMI9,297128.0
5dRQUolXAVX3BbCiIxmSsf,1530879.0
1tTPC0hsnXq1IGpvWY54JC,409518.0
1pr9TZGOXeJUggIal1Wq3R,223868.0
0W7AbEauB7cP4pidLclApe,265535.0
60l2m3BD5VY0HSc3xmSpPI,110014.0
1nFtiJxYdhtFfFtfXBv06s,914854.0
6xpDh0dXrkVp0Po1qrHUd8,672399.0
4KoNBTm9a55KgLMtEaf3n6,73315.0
53eJFr4Mfbw5PXJ01K6cFw,57980.0
2aIB1CdRRG7YLBu9hNw9nR,356924.0
29hBRadFZf9QTGRHZmxm65,559366.0
12dU3vAh6AFoJkisorfoUl,9260.0
0CkspLl535ZxdwCRs8AdZ4,19139.0
35SRuRfp5BvD1yArmXKNHO,196095.0
3ZpWy5rBZv2aLQAldnmTsP,214836.0
4cLdpErILMO8Db8pQVAVcZ,204910.0
3mhOmh4tRKsMfnRmgZfeBm,99187.0
10V8XpuyMoEcSMfM79WDET,118424.0
2PdIo7ewQPuAsP99LVg9uy,327293.0
2RChe0r2cMoyOvuKobZy44,306102.0
0yfNXxlyXdmP0ue1iJijx1,207656.0
1dyTcli07c77mtQK3ahUZR,369799.0
5Ddlk6C2JVxb1SReZ6O1wk,1294631.0
3i6qNxyVgIdUZTTi5m25EM,640257.0
0uppYCG86ajpV2hSR3dJJ0,320508.0
6NGi23FFKq9tH5NR1NcTw2,136805.0
62nQ8UZVqR2RMvkJHkcO2o,759546.0
3G69vJMWsX6ZohTykad2AU,807781.0
4xdHI4eFNst0vTZuuKrWjr,790036.0
0qC02cAOQmm4eJR4Kn9pcY,36185.0
17S4XrLvF5jlGvGCJHgF51,374811.0
7FRfYOql61DGDp9VPPe2qA,45795.0
5NK8jad728pj6YeqM5VJD4,90423.0
0KzAbK6nItSqNh8q70tb0K,1679999.0
7ppPZa3TRUSGKaks9wH7VT,3785119.0
0I1DJdLt9BKOb7GWmWxCjo,222466.0
1wsRitfRRtWyEapl0q22o8,296130.0
0weAUscowxeqDtpCgtbpgp,217663.0
7C6QeMxWgaPK68MFmlgO0X,15101.0
5YjKdeES9QRJ8NmF4Xc8pV,53105.0
2qK6fxHA2V8mCK9pHry3wa,21850.0
1HSVpIU0XU1WuwiBLBWAZd,53583.0
0pwObEOHolQZSldJ2q1wpy,440895.0
5mJGLBNJM0GULqAoL5mb9C,369465.0
45Ia1U4KtIjAPPU7Wv1Sea,142386.0
7MooGz4ZPE4bNxjFegR6Jx,220338.0
4MgPAPoNsUpJrVhKf1dCxz,33284.0
2B98ljvzqpCVgt5reTHq28,333131.0
05NYcsjJwOYq4jIiKPVj9p,186170.0
6CKoWCWAqEVWVjpeoJXyNH,639948.0
5gRcv46AMTrosmTOqrOV3Q,575714.0
0KoNztxLTujrZRxWiQGgBs,29234.0
7IsEXPk6qqt30FfQv4SZMa,215404.0
4t1fWWJQs5V9YErfsrDslC,462427.0
3QxKpdTB8ZSFn8MGeCCpsQ,123120.0
4c6vZqYHFur11FbWATIJ9P,13453.0
4eamJr2k9YDH8j58RSTmSc,545006.0
5u5F7qLDvZjBSktaDp4HxB,53929.0
68uuz61IqrSJjO6ffO3yHc,193242.0
22bX2FwXSvG49G0bPWm5nc,32962.0
1ng36571Iyov4HBxUClySn,419827.0
3uPfVXcjnpOjyzI3jb3js4,78768.0
7HPhrbgMHV5cUskknWA2oo,158408.0
1szwDbVdIdoQq5mG5GXAmJ,201586.0
2V4Bc2I962j7acQj1N0PiQ,455388.0
1jMaB19DiVR8OihLSuYFOt,118809.0
6LgJvl0Xdtc73RJ1mmpotq,887937.0
4WnYuVFXe6Si4fZqkxbnvS,78470.0
5AqdEGne9bWAMPTI5UUmQY,27822.0
7jIFGkTBIK1UwWaEXMW2Nh,52933.0
2JKlf0IYz5oWsT3OCLyjpO,318615.0
5Rizj5FLb2AyNKu9esjYY6,966511.0
1wlKw9NAWVWpx7OIAyg9EA,191855.0
6UO72VSXEONxdfLyABihs9,268450.0
5zmaypMaWb21FUGBxbw8hT,213053.0
5kr3j5Clb9rjEposoMyLVt,151874.0
4UJmPSJsBsIR1U0N79BU1g,173157.0
42HlPwjfrQxkmOGVkLDac9,10877.0
04UWtAIMwi67MG8uHwYqgK,167544.0
6i4Qi1mJxXjqNIL9HfJhRs,413347.0
2hnMS47jN0etwvFPzYk11f,1087124.0
44wXefe8WB9Fd6xwtmAwbR,175569.0
7Fm3NhbAYHvTQUhboim9FB,151138.0
6q4aoWgTQ8td2AvqQXuFqm,106296.0
0AxZUYeQ9bZwSdt1LmZuok,7975.0
5vVKkF3xih38Vcoo4HgAo8,38607.0
6DoXuH326aAYEN8CnlLmhP,252738.0
0D2A4Rid7gnlcwlspLTkx0,23693.0
2hx4ptqsE8dboLH3NCLmaN,48115.0
0VbOBom0Ya2zrlSpv7II1C,24832.0
3Fwe3XoPOiyWUPYdBKMTqV,123152.0
1bKQ48M9onID2kbSpRy8kK,88268.0
3CVDronuSnhguSUguPoseM,268306.0
7irAVPceAl8NQLrEu7meOF,16651.0
0rFWuqFgHAfuzE8uSB9TWR,67069.0
4cKGldbhGJniI8BrB3K6tb,79383.0
7vVYqVFAdEFbiAMh8aPFaJ,101909.0
0aGQHMr7bc23Y9Ts84ffop,308625.0
0zxj7dVhYZq5ACyaDx5XIo,49545.0
5uGsG0LfotfWDq6hql4h53,69493.0
2QwObYJWyJTiozvs0RI7CF,361716.0
2302lUwfZ4S4dVyPOCDFnQ,201792.0
24tO365YW6lcZr1hN4Ukzj,111515.0
0dlTGl67UFWcKupzkxZYOn,178700.0
4eNnMvUrSu2TRpySjVC0Pv,34492.0
6qQGxKyy6LcyZVsWn93lyS,356726.0
5Ds35L9KpUDKgSxZ6whuoQ,72003.0
27IRo2rYeizhRMDaNVplNM,510517.0
3MmRfG64qt04Efx9gK9Ec8,127886.0
0jyikFM0Umv0KlnrOEKtTG,345365.0
0IGXkVRn0uCsgn4FvIfpgB,270200.0
2Eky0Rjbrv0YmNy3wrMtSM,75370.0
6N1sNzq3CArC1pMSaZTxaT,43770.0
0ttHpMs250dpFkCYAnuhnE,99204.0
2mxPSHEwjJWOQS7lGw6btF,103921.0
4o7ZPI2fmEi3piRe0Hrfpy,77789.0
2eG7o3BfbzohiETArwsX1K,33308.0
1XTGyfJeMiZXrZ1W3NolcB,609857.0
3EXrtClWmgsM7dw75Mw2M1,291382.0
1xvJRCgomvGcxyA2IUyE94,30472.0
551qy5vUgrUfEUc4dCNfht,613237.0
6HnZsLUDrG3HTSbh8sq2u3,108220.0
0Jur3mZsQba3vqSpcmsOPm,120927.0
2skmOCFU64Bg7Ytkgwliwe,46661.0
4PtZE0h5oyPhCtPjg3NeYQ,175511.0
0f37VQs969vZUL4gVfHRV9,622221.0
64gCM9yZv2jpNflclKUnXu,93364.0
2gz6rDUWhKn1XWi7iapbpm,25697.0
70BFDZT6dZTsKKvAYmyyYv,205923.0
7p9dd71JR2ucoAuO1Sy0VZ,54990.0
2rBHnIxbhkMGLpqmsNX91M,247193.0
2VN7uPrbryJ7nE2MXX3f9a,20604.0
6oNvmplQGUkmAh441Teows,108427.0
5267gVdYWrLoz6ClOhlqmE,19451.0
1IyHPt3b6BrhdMwNyk0VM0,30517.0
4lsEHglVsLzILTDQ3CNESV,49505.0
76nvqWPFucUra1xCkN1tnD,172249.0
58Gi98Nvrjo7qVI1dHOqFD,18754.0
5OBtYVsBL9WpBp4n21i6OQ,17126.0
3P2XAL8UpPBM3nfvuEjHHE,166515.0
7JJPh9eOiSr8zYlBjcu2w0,278318.0
35GwlKlVXgFCMF5uTp5r7P,458463.0
1MQTmpYOZ6fcMQc56Hdo7T,298725.0
21HWc9gFZKNdkGzGqHLq3A,191855.0
4paJ10JPNCyOaLtz2cY928,345701.0
0vhOJ8a3M2LWnBNrDXJKDl,95794.0
5fYzuUxtcaJaRRaxMoM2DT,281225.0
3Cx9j78Z0NE6jYwBWvvV3P,109448.0
4ZD6SiaJi75smnel0d7jl3,130100.0
5ACDC1gxAUXYDWherVKOiX,15820.0
2CVV8PtUYYsux8XOzWkCP0,313925.0
1iArQTuOzxvrtniGmkyy92,71139.0
2gdtLnVGGg80Kj9GiqP0vH,62314.0
6mAfxuTuRz1FWfriiFf57y,693027.0
0OH8dSQmKm2zjhqRPYsk1h,53372.0
0Ui05Ov0s4PnRc4JI3Pilg,116584.0
1KdwPeY1WRWQGHCmRJTveb,80053.0
2zco38BnUzODIa6duYk8On,48441.0
1tZcw7GtIqviL32bzaKdSo,283833.0
1KQxH1Z1BiSo3MMukVpRfl,161213.0
2F6FfZ4w8z3eJpSxPotVO5,197344.0
5Zuboc3Cj9Ldnc8HyUnNUK,361982.0
1qEyqHR1xsj2MC4Qy0dsaI,36391.0
1d3iQh4fTm5D6iRtgrZPZ9,122137.0
19LT4ZUEeoUdimKE04WJJg,195821.0
6VnpKLtfNH4Dk09YSGPSyR,92909.0
1MUsWVRPLaC7ANKcEiMRCl,71688.0
7lmeHLHBe4nmXzuXc0HDjk,257061.0
1DCdIWCE5UFiObCsTSpKFv,99956.0
14xj58ZexBaEaHARb11Cqs,299423.0
4nvYDy427VvA1TcEkdgZII,70666.0
4L2S9GbwEgwfSbHjTCvNQX,72372.0
4wf2u78747lu1rU5WbpXMk,23531.0
60a5c4dDARPsksClcom0OD,87709.0
6kZqCqD1r08sJAQ1TjuEpM,238218.0
0PicuPCfXDJyyRtOR1ukGW,104537.0
0Pie5DFAHHxpkONFUsAI6s,201408.0
1hXtY9yeMAcxZlBvWzjwJn,6777.0
286ek1kspX7VFaheXFSvPk,65839.0
2fXLhLA7cPYEmQ1NbeAtBD,345701.0
5EJ2THuhAapEIeQOtXUQ0x,43795.0
2GORop0i2cyx8C0A3JzL44,22495.0
2J4Q2WIx3572uZuTTNkCby,38242.0
7yYvvOB7CuzdVldb6zOk1m,216555.0
6sleEAnBH0sZMe0pOQNidG,257056.0
4r7im8h2DTRPvl25YfNyIT,44931.0
7CI0VS6ETno5mgHi4PoCrY,185200.0
1Se0r96r0gnqg67kJPmESc,106835.0
0DnGfA1r8pAssJCuq4ojla,60887.0
4JwjzS9WFkWlpzGCwh82fn,127858.0
33HRECrmuelZxOpid6XTNX,200889.0
6FPnecQDKOWSAKDKBAZ7ZG,18432.0
7oDFvnqXkXuiZa1sACXobj,224015.0
2cN7qiHMJflO91pkG9HoO1,75764.0
31H6au3jhblhr6MMJiXnCq,6442.0
0psB5QzGb4653K0uaPgEyh,104465.0
1Y13csEpu3TK5gQdzGLrd8,213147.0
3B4q6KbHbGV51HO3GznBFF,353275.0
3Mmt6Xk0H6VR92PEp6x3hP,371943.0
3s03nrUInN3NAVjQtmnS0O,160147.0
3BtHClmMmURD8UHF2fiyxt,235563.0
2PDQReEXBViVwkrbQ34vd7,333016.0
2fhfoZqqTJ8jo4HvWseNfM,30129.0
5XpcTQlNnfIQbiWE4hvYo7,56993.0
5TbDM1PBTyODDCTGEoDCxL,27023.0
7c378mlmubSu7NGkLFa4sN,379909.0
0qbhFj4bVrguIZViOJOs36,30517.0
59uqWPaagd0khPaauWM2lU,55022.0
3CUV8wsoTTKznGpEovrnZw,82391.0
0eEJrthp6PcMd33xs2NLrc,18511.0
7aKWgpecgLEqisWcXPElDl,37551.0
5J19HPdmJHOEu32iyZEt5k,30187.0
2Srd8Jgif3kc6ou6Z4pSYJ,174469.0
7bJSiwLFnhoO7g83bWkCtA,71480.0
43Qr1YBCY3vSVCvZuR0PCb,113161.0
2ZOTtG7v1OrSNs6EINIGb4,455859.0
0vtJ9Dq53hfXE3KyP1yPni,105597.0
2fXKyAyPrEa24c6PJyqznF,6209.0
5PihYbt4uNnVt68l5D1SGb,70470.0
2kj5f1eRhUFhW6K0qUwoD8,113191.0
72hpTHMLFrO4ErhSQl2FhZ,18815.0
5KZ0qobWEFl892YjIC02SE,164002.0
1UuaWKypSkIHxFZD03zw4m,218793.0
4dfvPFbLEa6JzZV4dZTWt7,67925.0
05vL56xSoxthM0r7IfcQjo,33780.0
2jkZB94i573H134wKmsw2y,19502.0
3O4s2m47MFhnGqmpkjoKYk,70252.0
6PypGyiu0Y2lCDBN1XZEnP,260194.0
3JfkNCiXjHEVkbFfCQ417E,31293.0
1Hs2MG2LBJaSPk7X0fzmfk,31939.0
0VLdJcQUsqHBBwqPp4CIKJ,221538.0
2YolSRrYvFxhTGjbiT33yH,95033.0
2CwMxEXxMiLRrKPLjQLmne,100256.0
7Gpr3kKk4BMgItz6UbI73q,115227.0
1lrwHbZhCXUhb7zI0VcIPA,14611.0
0mvocLIWUnT10znvIXwHGr,36576.0
6Pur3hWy6Nzc27ilmsp5HA,99193.0
78DVpEWwmJFC25KGz8fJuE,20836.0
4Ofg5uuH7qqDIXpAJMpXZV,23024.0
5kK1Iru9ogP3Iy1zsANU1n,792229.0
2FfZg072w8RoxlMOR7M4CT,181864.0
1bQ4zbP8Fo0qAePTSOfYji,179844.0
0gTRROuntlrPQ64W3J2Etv,185387.0
2JEZdhsjF848Elx2XO3onI,88262.0
2LsbizbOeNa4x6qsi2jAMb,37276.0
1rAzW6aco1ZtxLRx4XOagB,55610.0
5a4MgIUSf9K8wXLSm6xPEx,387836.0
1ntKYuqLlmV3sTZoNyeHhM,73320.0
7uRGUYUj3oquFQAflWrwR8,38334.0
37JISltgxizbDAyNEEqkTY,132323.0
3Ph7fws05DvPwpn5CQHTBy,182585.0
4gAV3sMEZn4lrfKPGARCqA,40925.0
6bIPHR8AJG5HAcn9oF21Ma,63557.0
76RAlQcfuQknnQFruYDj6Q,80928.0
4qyJE4D584f7qJCRSy7HOE,86406.0
32F0zqsDgqpIEYApk2b8sr,169029.0
0vTKR5TQD03kASmEGlyDF3,18468.0
11VGhd5i7deLL0YB0ayicY,40250.0
0LtsuNRz3IMRrHCYO9fKRk,62594.0
3Tsh9pjiJ5cvmuiZALdgVz,89511.0
4ye6YRG07XMpZZ9Y9tNTt6,14588.0
1Ivyn5M6BXH68fsf5xOGlM,56919.0
3J58Ccc5iTbCRnYx2xjo6d,52212.0
15kLz0zNFdtsaJdXKSGmTU,161629.0
5wq8wceQvaFlOZovDtfr0j,72324.0
0l481RtogQ2BHsSecANMed,56436.0
1NpLCZNSYEegtDYCRA5PNN,55534.0
6OgWHP8rRXiq7VMaryVaVo,63370.0
5eSllZgRWCIJsDTAqFRwQw,164289.0
135ggzbjOogZ75IQ0LQi8r,1219675.0
1kgdslQYmeTR4thk9whoRw,1157204.0
6Y1xjC0l259BVyZbk7iT4s,260826.0
6W2VbtvMrDXm5vYeB7amkO,340794.0
46tfxn5lP7Qsbz7NHsj9iu,92491.0
0Xl2pAlIRE6ANULPdEI7fx,99566.0
2hTXUPiLY6GyUxESfOSKpL,12563.0
3fbnbn6A5O5RNb08tlUEgd,30694.0
1HpBm13TNcyMW3PoUrlZPv,9693.0
5qG4mrKUlmGce1FA4wGrr7,60385.0
14J3PO0VnhtcRa31r7Aj1L,20208.0
5wzkhHeVrfsjtiZaXtYxf7,215064.0
7nGV2pT9BWjx9jYXkCwAJI,5213.0
3pJfnBjO3kjudEchcPEDxS,20765.0
4Y3WqmBWmG23thvU9xEhMv,79597.0
325toqbCzE1g1pYIED7U4C,54580.0
60w5eL1G4Or7LlTSrR5r8a,38333.0
15kc3DJyYixeEEq5kRRrOm,38545.0
4C8qZRxrteBY9F8r2oZrV3,29740.0
2XVHcat8Tb7G7vhfCbJRCR,5649.0
07eGxuz8bL6QMsRqEe1Adu,65334.0
7xGOvQukPKKQVLiJOPSmt0,92099.0
5sVf9kN90ScddiT3SdT9Qh,54222.0
0QRxtcxL31dRAeiUUuENPu,27789.0
3FUS56gKr9mVBmzvlnodlh,3854741.0
6uE9hF8fIb6shBXrrzA12U,87891.0
2aC8wwfrM0YeTAzzk8hxqC,189033.0
7lX5thFFq1mEARXVPgJ1op,34304.0
7bN2XAxC3SN8Ie16xP6lpm,119638.0
7psTNaKmJxmF33orqN4a9P,62722.0
6W1BLmVBxkqZwFQcORQLnv,42619.0
3AR1c3Dssq51WlGGkuYJNj,10098.0
1Ym3JWJG8HFJU2NbXavZ6a,533156.0
1anIy4FRJbu7N8ASed1bcE,68042.0
0HDaKOlVAfUWXdFR2RhBtN,64307.0
4h7KTxO9eS389M2qG3jm6O,90504.0
5fgkjhICZnqFctrV0AyuQD,197066.0
1sGSzOSb8cJ3xhQW7q2a4g,247417.0
0zxHSBTEKdH8CI3auJ7Jyc,1693658.0
1p7m9H4H8s0Y7SgRm7j3ED,46838.0
7vcDJCAO356RYkCfiUozmE,15549.0
0ll4shInilQVdYVrVVHpjB,13495.0
7HlULtRMJSTzorUMebka0f,11008.0
1caUjUoE2lm6x9RDY7YtHc,2523761.0
54b91SSUN7Po17Rei24Y9n,41585.0
2Pr1nZpt8A8WP7QYpyq6L3,418108.0
3njyXewwWLp3B0p6rSMeyw,205924.0
6c9nkeetGbsoXa7d5E1wHa,23620.0
0gsl92EMIScPGV1AU35nuD,158454.0
4c8jWog32ctnWEuonvOy7j,17884.0
2GpBrAoCwt48fxjgjlzMd4,56146.0
5tw0vRSJ8R29Wlsu8dmnVT,68365.0
2WoqgtWEBbbBKMDN6Becs7,55022.0
75CgD6l7K4qMzZrn4CbZqz,115263.0
5YpWUYiyidrtRzYedpXKiU,32071.0
4tvBoSWeIW0bjhKNre5mod,66863.0
2yzLpXCWjksJRAqD9sR7it,1075246.0
0YiHMe3PNKIiXgbBO4R27r,17287.0
2MAVcVr2oylw2OZ3hojWYj,95594.0
4NBxoKAY9PR2PdfNnmVRkN,18910.0
4HrX1xb0RsnmmJqN52hhHj,7856.0
5mB0MGsRfKZALHrXjnktCK,21497.0
2A2IfaFFk0xjQCYpWcI9YQ,66069.0
1e3Q7gE5TRUklXOlZFKIrv,61603.0
3QdgPYfiUciRm2IbgirVta,5472.0
5MmWgG5KgiqSxkOZdVXRQA,36741.0
62J6RO53R6vNhOB6QXajFV,11214699.0
7ornLs8NlxZ95IDWTyBIEj,19349.0
2YRDxUyqAXbukcjClvuYsd,12184.0
4nnJRbVecvQwqf3OQP4mja,49140.0
5omgFpiMt1CGHjQGfkwzvz,21234.0
5nzEilkVhvnCD0xpW3raTy,14548.0
5rupf5kRDLhhFPxH15ZmBF,59888.0
4Uzv9ZmajuHh2tJzpATR3T,10424.0
6aF5JtQSrh7wNrkDE9B0My,24188.0
23M7cQkNJLiddeubvVgaQl,43258.0
4Th9JXlrIIOMk3kA9Wm2lq,48031.0
6kyxQuFD38mo4S3urD2Wkw,95694.0
2mtVxf50BYsKNtQoz8sfzm,2209341.0
1kn8Jj0i9IwyO3yDgDyUSR,20688.0
3G9RQLOSjsXVUDyQSv2PQR,18774.0
2wUlYDGGXlSvm2NkGj0Qio,314728.0
5g6o2ZEegnAI3MczbwZaTZ,11042.0
2A3CzmtFj1sK6W1qQtBz86,52612.0
0I5Z0p0cLWdyJNC6sqMTwD,150385.0
7iJmWC3h8tJOCK4OzPFZ2c,16000.0
6hFHsQWB7HdVrSe7efRR82,11208.0
2CvyDY52IoJaLZ5vbKcTd4,17020.0
0tZ9qh1m1NGP6rzSf57PGO,15137.0
6O7pihLJgeqxUnG7u9oYL2,15356.0
4ZKQqHVyUsHWVhFL7QSn4A,5114.0
2nfMrwg3aRhSAv4HX7IzJL,60705.0
3Z7CVYgkl3gaE2uBiqhH3Y,436145.0
1xNmF1Uep5OGutizZSbKvd,178429.0
0yWilny5PJa35jKI93YHMX,36270.0
2V2pxcEfn5zs79sE7qcewA,31316.0
61EQfJXizp4MIpLYWyLoQI,30139.0
3ascnOSOR5MX901ylGuhcl,50768.0
10tzk7ZRjwnLKd3gjKLtTA,56702.0
6tXnRSvuNgOq4QcxpIN54r,96181.0
2FSYfKAApea3U42phhBOIc,10639.0
5Ds0VGkTSQ1jf4KzLUpZPb,178965.0
4O6ZaZrRCFfiZZKjnrXqlk,43691.0
5XuU9htN358NTMCcqRvfDV,185431.0
4rJdaSwOCHLBhxdMsymeMw,31610.0
7on45JTbuUgroAC4DXwBqQ,16585.0
6tu2FHuKL9C8pwNrityweQ,35464.0
19vhfSUgVJO2enJ6XidUGO,36674.0
19ScoKGqnfUggyqOVQjsoH,14012.0
02KG9DpLT3bV4fzUM1bORW,6830.0
3HDBNQOTs1vQ33HUedr7IM,5832.0
1FsVa6q1CStHdgqZjaKwNk,28718.0
66R5CoT3X3a4cVpH03HOKc,68273.0
55gISxV37mffOW2DbSskT3,30528.0
5z6a02FGoVsXTrJ4GiVNxE,53919.0
0NfdbvWFwlVMA183QibxCB,11276.0
7lL7AgPCYvDHz8AI4nergA,54424.0
2sCFFlnYg6Lk75GCcfSXEz,38498.0
7I1fHMDNlHobS8SBUJAUDt,58750.0
4DPdJvSMB6hmrjgC5eC85d,2209344.0
7mUCQAVsqqdZvOsSq4kGEy,10015.0
6pceknxOgA22HKs99yPEm1,21803.0
7pFBMeAmuOT7xMeV1HAk5p,39807.0
6aaPUBUFw9KEW1p1inVQv9,7923.0
3XHg42QOqlevRU7jXRkAKk,7856.0
3geRffSf6eAruhg23RkpKV,87224.0
7FLQo89iaS5gf2hnIEW7P9,138962.0
52Rcr4f12OE9tpNRTU7rV8,462427.0
3aYLIO4htUZCAygXUbbc3Q,8252.0
6InAFCfwjgsUtDoaOCwwZL,11888.0
0oakHTPj4SF7Si0NAsLwi8,9932.0
2Pxm49H66yXIhsKgERqcq8,7801.0
5kUf3gMXG6lTJkfQWLZSsP,5228.0
2RognU2ViRdA6HxnpAITJl,11921.0
3cMuGOGSaTWbwOurTS4b3Y,147187.0
4oh6NKtMdiXIhgGGQBR09b,29511.0
0eKyHwckh9vQb8ncZ2DXCs,91943.0
5JmwosRwjYXVLnO5yizVX8,110465.0
0jHdxpHy4u4MulpCpaATMk,6309.0
5mQSXVIEby1cb3CWHaqSlK,42946.0
6gwaa6ElIixNTvu6RwkMyo,24659.0
1CZpWzCvN6fl2WslWTyPn2,251664.0
1Og8U5KRel9D51h4bmznlE,1302967.0
1ZGs4W7LBJy68hRPTsvMFc,7107.0
1gd7Q7mxviLWkG5HgvAMAc,10395.0
0L7zm6afBEtrNKo6C6Gj08,127401.0
0yuLBf218jLdW37vm3jYDz,195304.0
0aW5JH6RnfTv5cGvPS3cca,94994.0
0JiwybZpLST3DzJawCbRtC,16516.0
4MdPf7KXBD2gaB8vgdKjBZ,8028.0
6eOT73H5zfEwTCe1Y0FDCc,8334.0
3TszbgtEGdsJE6vRnyFebO,533158.0
0ACACkoHUwgfgY5CxVIL4N,409273.0
5nWRJu62az4R9YPwit875x,6426.0
5cnLxj0yaibiZmqLxaj4Kt,18344.0
5eGeIWhWdLFlbCiuROoFwD,267456.0
6aPoVnA9UDncMyKgTAicsO,11549.0
3NJRgHeqBfHW8EI7ZYpg0z,31171.0
5PSCWHpXi8I45NXURHyhBA,5863.0
7AOmyblplMezwpYuuh9Ltr,41483.0
4IIK7KvWCTSkVVRufxyh3d,5548.0
2cMPBRVDmZL48phGwYWXPE,398869.0
5T0VoskNbpJIqm2RSPU2Xt,144317.0
0jePqZlutXGa8xz6NNyKAy,5399.0
12uaDRCVrgu4O6AyOZLrxG,23764.0
7BYqVvoXpQFhs4jJ0qqNZt,31611.0
0fFotmAiRwLfpogfYs48PQ,27056.0
2lqFwTECuP5VNUvzzotxWo,5750.0
5N5sbaoN8UvXw8ngNR9iUk,5798.0
63QpuNHIZ8APaK37LkV8Xd,20130.0
6xCPxUo1OHGQpaN3CMb7DN,122105.0
3Ommpa2aE0RU3F04BedepA,175382.0
0d2h7NxOFut1vxwM4MKLjb,37823.0
0lPWEt7kSY37pSUIH68ME0,7902.0
2jggaUpOvn2G6Pv2HCEU6m,6824.0
0AsfpL8bzbmEyJsfbPPYnj,7145.0
0KPWi8mDRagwxnwaA0di8a,21563.0
0fHTVPRRKmWaRuIwrsNTMp,7993.0
2K6yvbAPxtf8YMViw35b0Q,5622.0
62Vf7c3MtB7BR08VbpnAsX,112077.0
4Ft15s9T7pcG7O85VbdxVl,7775.0
2p4FOWHHd2A6TBmTkdt1G0,9819.0
7N0iCGxTzN2gJPxnTdIRiT,5468.0
58zZvqjTZdm98YhZXvsATa,17574.0
3XvMSVOIQOJ56fObAhs8eY,71322.0
4vkSJSyPddHwL7v3l1cuRf,16516.0
44vDsPxPEk7MmL6Qk9eEyN,7122.0
6gpsPg8kaMbc8rcuHw7t1i,6403.0
2Gle7uL36Pg0FZKuNtW30v,20910.0
3RQndQlG5xUt6dzINPh4yI,90271.0
2RzZSZbfu3jir4udOhyd75,5217.0
1R3mCl9ya7FanRNWTeiQUE,12383.0
18T2uIJteJ7o1W8XLFRpaN,7285.0
624ra5mDiibqvFYDK4yhmo,7048.0
12Q3hN5YwbjZ0jkcHmuABo,11483.0
185xDOLU8KPZKqhUICnjRz,8032.0
637T4loKlXPwfUdQVZjPTV,21068.0
407eqFGqQc40KPf43YrQ44,37944.0
4thEpE8oDddq6fVuHfdKUY,17401.0
5K2BiV49DGFZDO9UvwkNND,5763.0
54Kox6D5c5JNW9ujt3hcOW,12870.0
4ciLLvGOnY1kJtQFmbk5hO,140422.0
4HTQcxErjqv1Up3ZOoJ1di,5267.0
2g229Q3Relqxkj5CDnTjeE,5559.0
4JX3wJVOvUiMqhAe68Vn6z,13553.0
0E8zloWYA3Li81CJqFa9fI,6056.0
6004tMws4nCQqtGBaInsF0,35839.0
1qhM0q64tWvBbi8vIM4F1h,81583.0
3ZuGavt1YrOkg6G93lgfUw,5267.0
5cYrrz28M629ZyiV5gz1f3,13518.0
7bk6iZ5dsrMySXB0aVFYXO,14603.0
0aASUtDb1N96NJDwmWj5Gf,6590.0
6zIKSvnFTUmaJJ7sXsSFQj,19895.0
0HpKuz1HfXxRzNnUqfwzgF,8539.0
0GK24qA5JJJoTzcv2VIyNF,5600.0
5rGphVLnbPdyBQ5X3rjb2X,9682.0
0GwcBK821xPuRklr4Hptdc,23487.0
48f6uuSrQJ7Fb0ObKKZatU,11019.0
7zJ484L2fucBwgfvUjb6Mv,13474.0
0vIjzhxtNRNCcMgj5sgNoF,7561.0
7DBW4qp2XCNAbWFMsrqao3,126795.0
0HGGrCdqouWIWdYigKLlEn,8282.0
2qBirMakpTdz9ymxrZEyzg,6838.0
1aY5UBXXnIx2jwRp29e6dR,10471.0
5NXqggzMZ5sjvDaAZekIcZ,9410.0
0S9AYGXX4c7Oieyqg0oPuq,56267.0
76KLnsqCiFEFTEQp2Vaf8R,5346.0
2ummQ4p7DvMtZZUqF58a4I,17982.0
72JGsB76Ir48cvLGpQJzo9,11653.0
3c02RAbOojbCSXQebk6Sf1,51445.0
610tgZLE35b52nnzaYcnR4,50373.0
1bgiQGDL0r8oimA1BFFAuB,9174.0
7prFpeH9fXA7cL6ZZWLePs,18613.0
27s15aCXPBi7RWlATpuLz6,5649.0
4P4PHxZQ1FcwQKKnfEPsAZ,212024.0
7euFlQqWNRGCD4QuoOZVEp,82049.0
6IeJcGYibtUKl9QnAupnYi,7655.0
6pYbhX5gYix4ESpbSUArnA,282365.0
5ytkHKps6RVVDFZwAqVDCB,62767.0
6lXKNdOsnaLv9LwulZbxNl,167675.0
59UINV3c9gQ4bzgXbMf9aS,5109.0
0swl1tZWBEBOdRVPN6axXe,6066.0
5kbX6QlSDGgprK3jVuxGt7,12769.0
7zpNN01FLMP70EYGcxCCDY,7786.0
0zXMZx9kvFO6x58JiIh4BJ,8988.0
3QwuR2BuGsW4bC3P3cnpIN,123120.0
7rdtBpPpe4knfd7aD98h9X,23827.0
4hJSzUREpdDo8uhgEflbHr,18365.0
0pm5PNQQzifYw0Vnr7xTgk,9458.0
3V6hWfpcv7HxeU2VdUp8MN,7491.0
71yXwcl1PNMmEBWYK6JMDV,38276.0
5AhbaEkadQ4TPRZnEk6xF4,13381.0
5b2pdLRIfQq915hPANOWsr,34483.0
3hZ5IBC7RGhtcw5taxSwA6,279933.0
3EvO8vT4zh1XS4qRCTCaEy,23509.0
51dQuxBLfGQq4MT6xoWqpP,56919.0
2w0g3wLkzlGj9mW4QTk3yU,6283.0
244nCwfi32MNrkALQi2qga,6385.0
3ItEUMz1CKL5CJxmnBAADO,6942.0
5dXKQ5MzrOPjFwtJEJZYuu,6437.0
3Z3jTQWJQfZ76lkbdcthBn,9542.0
3BX7tN9yxO2NUbd20BhDR1,8794.0
3lyEoNHIPjXpKkgjbpGmNc,11636.0
6bl4EJNNCRds62RH8XqtzU,21062.0
7KvP2ZTaarTcejYyR8KWPs,52866.0
6z9ehfxE973fOlKJKNJL2x,8357.0
2ccW4vFSVKRgVjkZzvdjRw,63353.0
43tIlj5mqSjV4DPuDRb5NQ,99725.0
3f1t6TV05zJbdFLXpTVlaY,66439.0
1NfW6rkUjDvaCdsjSRIoak,7687.0
2SL56OF774pYUz8cWN6Jg0,8412.0
349flwjNbqIaE0Mph3jLGD,26541.0
56lrPpPAMvSfYr35eCGWqd,21217.0
77dvJ1W6YyXVlVPbhfNbK1,5299.0
7EnUOR9bQNm9A4Rv4G9CSf,21502.0
4AyNCBMwiYGRThDsSy3Pwh,9738.0
7BRwN1pRe3sn653D4oPPSR,7375.0
2HQgOl7DJUkDO8jeUd0i8N,17311.0
0KfwsodIzlRNfjDcMMd5UP,69232.0
6sO1hasFXIKMrA8bcauDFm,5947.0
4oCGALJSQZxLnsnPPgShln,7606.0
2pEo8f55UreXarnZCfjr5s,11721.0
6VH153hUoK92d0cqsf5l9i,5740.0
0Wtrou4tplwRr2ZHN9SG96,17701.0
0TE6V8z9NJ941qKNxCreFK,19776.0
1mLiW0DfcGvUZqaNZo4jPd,56624.0
2mwCk42hjSzBV7TgdeUd0z,43032.0
5HDlh6UhT3AMQs935wE1qr,26455.0
1oSPStIOjKzNhPqCU1xXVi,10617.0
0lznmOabve1al78GuyMkc4,121479.0
36YFj5KAKdR6oSxUtoC4sv,40825.0
7BGAsqmzVtq0Ms8o0MegsQ,27742.0
7vpmdgQYHLcYroLp5aDLW9,14325.0
1LzNfuep1bnAUR9skqdHCK,2398402.0
2m1hi0nfMR9vdGC8UcrnwU,1809031.0
33iv3wnGMrrDugd7GBso1z,458891.0
3MjUtNVVq3C8Fn0MP3zhXa,2557603.0
11mwFrKvLXCbcVGNxffGyP,799176.0
4LJhJ6DQS7NwE7UKtvcM52,733522.0
6MdqqkQ8sSC0WB4i8PyRuQ,1889433.0
6kWJvPfC4DgUpRsXKNa9z9,169504.0
0hrBpAOgrt8RXigk83LLNE,190586.0
6inVHhmG2qEhwFR2eiWXjH,89052.0
5ZrDlcxIDZyjOzHdYW1ydr,1686316.0
7hIKkllltXJFgGfUZbVazE,19158.0
5N6M8yDiMV32T6Rkzh8EbW,351240.0
6e8Ou0wiqAzIpWb2eSxll8,236942.0
1PEqh7awkpuepLBSq8ZwqD,220402.0
6WkSUgo1VdpzgtiXKlFPcY,260072.0
2pX4FpOgwItRVPPUFdRcxA,280810.0
0n2SEXB2qoRQg171q7XqeW,280810.0
6kQz6t5z1FK4uohPh8Kd73,69986.0
73ljrkSg4A0q3ByU0Cu7mw,30967.0
6UuVONmxXwTKN1ISepuAoQ,200567.0
7EsjkelQuoUlJXEw7SeVV4,784206.0
7yCF65vpc7sUwPjftI0iFb,160449.0
3ZP1AbM0rurWtqQIhTVcln,135738.0
5hUCTgttGB1eS4GJdPEQEM,35779.0
6EBDmMZBQkWrj7jWlGhFU1,120204.0
24SUWisv2lYQiB3bVpE1sn,347576.0
1DSJNBNhGZCigg9ll5VeZv,76578.0
1JbUMtVkQuaAPdHOvncVTm,554202.0
2X7jfQnEMQYYmvkhr6mzS9,15925.0
6WK9dVrRABMkUXFLNlgWFh,550950.0
67Tp0vRSc3yJU0z1UQMD7B,98465.0
3BdHMOIA9B0bN53jbE5nWe,115638.0
2HO2bnoMrpnZUbUqiilLHi,47085.0
7BaxYnTazocAOK3istsW1z,61837.0
6JuEshIRliNXRU1LXctRjZ,237172.0
5bGmuxShUba9maPswDnhCs,37910.0
4IKMZtDIqyQDA6a4YvsgpK,312506.0
0Mb20VmqR2lvtgbEermW2v,106484.0
42nSaPdT6g3ZIMHmKLlP2p,69986.0
7BInSwH3Ha2YMEEezQLz95,29538.0
7l5nkTZpoD93OkynN0gcon,206743.0
0IVkP59yJ9GFF6B7IrvrxA,505736.0
64SIlhd3BaHCCMSfajXG7l,537185.0
5SoKCTxPvWYSK9A5jNniP7,73145.0
43z6scIZU2QcEieMQFAJRG,45616.0
3vEmpJQC2p8h0U3OiBufQm,113329.0
1ffslNl0FbbFvorcEVLUFL,123549.0
7037bX3jdaUWUAXL12CHGy,392011.0
6cPLCU7hKjgjvLWzCevl7R,185431.0
78c0iFKLJQlSxYydzoirBI,27425.0
1JekRMGQ8iN4G1AAdh0SBa,550950.0
4ClrxCunp65JdTQrhvsksy,140952.0
0tNsICeicv2tSuxd1fX9S5,306631.0
4ocbH5ZJqajZIpUrqRUoue,65558.0
1aJnGme5ZRltYTp8FJ52eZ,113090.0
77uktQePd9IdeMPVWlu1cO,110465.0
5yaCquc7koPqtgj7v0lwHX,123549.0
3R6kyOmqWcAsqZqqe9CGL0,38966.0
7GHKA8GIMcND6c5nN1sFnD,115082.0
5Dqik1P9toCJTLj5rEm78s,211129.0
4TwaeQT1YTeBUBRB8NeSCo,33535.0
1StXVL5gClph4z4XzanYko,133764.0
6UGrgPcISfwGeDikA4YpEv,242735.0
381mOI2NNLbPKwnsF8AjYJ,23524.0
39HrUxcvKF3jtLz7fUDWXc,843766.0
2II03llydk4YnkBBvoYB3B,285042.0
7jxHeJLVpnP7S08JFF4GBi,53358.0
3wBy12K7BHKHJspUwJw8fq,153229.0
0KAqMRUSZwzG3dZLdDA4eH,43105.0
78dbqYDvx6FOefROApu9w0,33731.0
220IyLzKO1Y0Gxt4pTU5eZ,126527.0
3ZTuYuaV1fhdNnuIBuzTYy,58309.0
0wQCKR9OFjYu5Kzrk7WivJ,44915.0
1vXB0If9PfpM5mcTShrQQU,62771.0
0uhYgQQ6WX9rCONnum7Fmw,183792.0
6ZCyDN2ArlWB4GKAj644Cd,149108.0
4mVLzFbc3gaCoWCEENLouc,25649.0
5VuqLMVYrZgQ4hdTGzGU1U,12856.0
3CisGh5CyKBDnGtjmsszSo,115380.0
6kQYMqjobmB8MkWwa9OUyA,17453.0
5qHae17FUTpfL5BikapgIK,34243.0
7HDWE2Ib7cjkhzULV4K8y3,56324.0
3WSyYBhLZRLbQo2tJgFvSR,39740.0
1NopgVCMVhCKIm64tF7auX,241687.0
5ONZUcFHtslSBavtrUJ8p3,22586.0
6PwbVXIomkvk4YcafiOc6i,67740.0
5aIfLbdgkbH7NbQryd1poB,11186.0
6trzHhvr6xqYJkNnbWwXz2,7163.0
7CTitzr4eVIDCPUJi5Dr4B,14222.0
5Fy40smNxk0j5OpFMtvfaU,186022.0
1lcaG7worZLgdGuniOfGje,27392.0
15XYdD283tK9iyJzL738bn,101985.0
2bvO1KXbUd4vySCWGNqIIa,15712.0
4tXR895KKljrC2VptgyEhJ,12981.0
6q3wafztoGDT3nQYWVfyuO,95986.0
6vEL7E8TGzrxuxbrgdlkLL,163347.0
2cSXotAohYx0EWCNljCzs7,16133.0
3QqONU0GW4byIClquChyf0,144750.0
7uuirrtCr8O8fz7kQS6VUR,295460.0
0f0k0OJ9VbaLHX4J1t2qUy,39454.0
01VFDkHBNJcCNUjzD3flWg,46258.0
0TBn49AjkNufCRJ2O5VJ6s,55949.0
5Ro6MdZGgce4PEuaFCJYPq,171658.0
5tg4Rr2rArQJKiH2hcaJph,66850.0
4M1lEbqPzlEw1JYWB6aE7K,37706.0
6OMjtuz1sYVsHpdeZPUR1n,392011.0
435j8ueVosOip0Vjm3vvj5,119151.0
4XifD1V0kWoG4WwsXTwS3y,16194.0
0GGfPhGuWC2JGc7hlvjLXa,140190.0
6zIfdCmmhPCX0cMquBsC37,8700.0
64KrFHj9p5AyCX2yZQr4YJ,158287.0
3GFLbBgMuY2RELNo6tMqOS,5819.0
4l1MNtoCiTxBwf6yxD7kFd,31074.0
07ABETRdek3ACMpRPvQuaT,38170.0
22QiTJqDn1BIRSh4mkNJ5w,117384.0
1YFBO31kSEYo1DVkjSj8LG,21889.0
4EDfdYJ7mqXRoWAqzF1PVO,88960.0
64juMW0Kj0MLIn5pbuNvKD,6655.0
4qgs3nQdmwsy2iFhtnFyae,235353.0
2DAsLftcRKP3iarCPmI1RY,14571.0
5F1mYaDicAzUrQz0aiqljr,914651.0
5oYRr51VatOtkFeEOursuZ,999793.0
5NSJ0qoxwbO26tVvqpL4N2,9690.0
46Zmn46MEuXtbIszc4MRlC,19413.0
0QQHPRbgLJJ5XNzJV1l9BW,12094.0
7Bj4wIqRzM6vx278EFYoBh,145851.0
7Apo6o7oxgFyXaSmdx6NHN,26991.0
2fc2vUA5H3mTAr9rQoBDKt,6447.0
0eSsfKHj3DLnjukQasMVw5,22023.0
5kxol5m6MfiJgahqyzbDRH,12247.0
3GNwCZIv4xKUiyoaQfj9Ah,137330.0
3G0VnuTzNNJBIHvJqeTlGv,20771.0
6DJ3dfsY7fOU161ZMjzWIH,27673.0
1lan3CApvveTezmBBGzsGu,195306.0
5oQadhkuEdEhtdVn0QceyZ,51732.0
00gAVWgRJy92PCAHFzVu83,10896.0
541jTq3SOEELKvcfA0jHI0,338222.0
1UzChRXWdrbeNngBQ7o0oS,10173.0
1YJ4vpxPL6Wgo8gmRnvqSp,23895.0
2Jg4ndG629t0z3Ah7yej3G,6503.0
6DIt34Pm9LXZUfs4ap67fJ,9936.0
5kiM42jdfXprvPsm5xtivH,24043.0
4GsHaPel3tb8WO2JTMiO7K,34956.0
1o2LWVAyvFP5ZxpHQKOJ0D,90813.0
0tgjnOlps2Hc798rOYGpvi,5407.0
2gkzJU3hVJn9UziHtNYsZd,12109.0
5fGfO9sKo7ypVjBrpc73Bb,57343.0
1wjOdtPwU94DIDb7x982GM,21825.0
34hM4PLlhyBysgL50IWdHf,8344.0
6Rr6wXmEx6w6dsBuqqKJa3,39485.0
5n49jN2souYjOuP9vHDpu4,7032.0
6ZEVQ2whiJvhjCNAOJ0DC3,25151.0
0Do1Qsfrpetwzxb3FJbgiq,50831.0
5yKQTwznar5I75UyYJ9CnR,24137.0
2Y7ndoyiIm0IaFJa13gV3H,46070.0
3F4JxbEkur9ZXAtQ5GFVXB,27837.0
4bNqBlJkoueiFla9YsyNg9,9332.0
5bxQHscWvyaQbm37igKP4K,75631.0
2R3gfyDoBo0uXZSwTiKysZ,31514.0
11uwXVzrmuFsbMtiQWTBir,37176.0
3EdBq6AJ190RVcq4icTHtS,5796.0
6HvUYS1xDfTCGWoeVrv3XS,260072.0
7H26s3Beg4PYBXkj0q9SEi,23782.0
39efIaQFmERjt8U71FrJzs,30159.0
0T7JubkdjBXNDVadRIq2ck,6459.0
1TPZ028i7BWWS5xW4UN9ss,7817.0
0UjtkXe54YuY5SMwXYjkvq,5836.0
33b2BLaLK67gArAZL5vffh,32481.0
79mdw3IznNCFsF7R9O2KGz,10173.0
38mYs9bzJ01JAaTSGGPwm7,8025.0
4qmXbnmZxZy9pavpf3YfP5,12688.0
1SvET7grrtsHT0CkyJjJcZ,170489.0
6IGvaQ4aFBjy66TdUurIiA,19883.0
26xRGAsHJMQuLk65E8C7j3,6081.0
1j5NOlhczuiPnZdT6aovgY,13082.0
3PmTnoX82xzyosHRTH8BJ3,22711.0
4iuAGPs5hlZqsKsS0ZnyWB,98743.0
0IHssizYgllYFHwmT1iGyJ,10538.0
6QQrI7GOkNjHAe1BoVHBz5,15788.0
7wNrk2vc0GUUNBFggJzEsI,6830.0
4PEGwWH4tL6H7dGl4uVSPg,969373.0
3dH0WIQ1noUsRvA4OtHSrl,9305.0
1jI1aLmm5HTwiMtvsbwDJw,93572.0
4Yq7WIbdjwx4H7JR6Bf3nZ,55647.0
2FHnN5ELL83TGbtXMDzoiJ,56676.0
50sTMaXwK2k8ZTgnLNuHhE,7323.0
08bZOAr9YLpCLL0Jmtsgbi,21889.0
5Phy3qS90Q5I8DGcTxmSIL,16889.0
7A1V7IEbwn2nuFGreV8DNv,9969.0
4BixGe6AcqJU2etTzeh2cN,47929.0
005Dlt8Xaz3DkaXiRJgdiS,12688.0
5xhnlgHMaNzZD3UX9sZ4Zv,11364.0
1RARODu6hwSaJLmcV6oedT,6213.0
3uEJFR0oQeBaNMEXs4bTSq,5795.0
5Gv0KcM2idgDOvRkcU3IN8,45288.0
77GJz1FIKgjIp9KtnGc8Fl,5085.0
0qCSMOyix8CRew9JVTHnZY,18048.0
5eITajYtCaZn5Tf1mVZbIz,13807.0
2es7AohVgF03LwjmQyaVMl,13819.0
1b8ZybIufxmpDQszin5yPt,6447.0
48mJX8glOrQkrSdVBjc0Wb,85039.0
4TR6e2sBy2PzTnfu6MnLFD,6830.0
1MdjZzEInrmDBXf8zs0nKS,362229.0
4tReFKumS5bcFahdXDiM1b,54002.0
075QYa566prNemChnZDEY1,89834.0
064wRZsHDLuoCJYw65gh7N,969373.0
0hSfzttOJh3IHWC0t4YG74,24443.0
5YRDGgdOshUPA17m7yzY7p,152114.0
6ri4yWOtcfGpTcigL2YeBe,11175.0
6VzXOkU7pVXaVMR6e4hRAg,30596.0
3tCCD2qQLdC99YkRwGPSsx,35168.0
3NlUb0YFzQ7GWVInW8lwR4,20671.0
1of8D9YF8T2nkLuk30JZNX,7802.0
4suenIuyqxZYV0VIjsbYrG,11400.0
0F1G4ssr0RMdm9h0GEbt40,55260.0
1H8aAoRO817bygKpgvAcpf,7569.0
6nAgxB5x7vlGVVIoWpCwaM,70470.0
3Z3U63cz4uwxA9d9DYQMcZ,7965.0
7f31hpuzCNIU0rX5E6Dr3g,6345.0
4g5ucHrtIEM4LrIbrLo8Oz,14155.0
0PgsB53yhlKs8D19LgYU4i,9779.0
2a7zTeWs92hA8dOQUEL0Xy,22160.0
49Iygx392WIEaP29lq7FOR,69728.0
7eixQByCJopX0OnvowhKQ3,7400.0
2neWsabATpEgR8XBv4Hqwo,8973.0
6DgclwC2Us4WUXaOwtesYI,19213.0
1JGrvNWATsIoBRLQXOC3Nv,7337.0
6dwhYg12fOFw8aUrnCOOqC,6238.0
5tzDYbMDhomaADt9hKhANt,1889434.0
2nSd3kBslXIbBAdrmqvKM6,26514.0
4PGsEvmwfJwNJJcsw9aaav,10514.0
4zTOUtukd52LzS3bLWwzGc,6921.0
0zFG3RWjka7dNRIRTWnXMN,28212.0
4J7s7j5ulwElPG7HaGQDXR,131951.0
6JvEXmRh3l2acBzvqavgT9,46047.0
7859Rvo6wXeImidBRL2dUZ,11532.0
1e4ZMHWU3wxRzeDtfITbhT,60426.0
4pqLUtJaFUsbLTjYaCM0sC,21176.0
5I8mg57tDvhGGGC3x14mIZ,8904.0
3DjXu9jBpV5lPbhHQVyPQd,5731.0
37B4dZDMdzh1D7isPVF2df,21333.0
0a7sBtL1jJQebkeipgYlGV,23296.0
6sFpmdsk4UDMcDWdy4T1Kc,33549.0
5zB92i6HcCHvVcX5NvGFQb,5846.0
1tiIKelgeYVi1KcylVnZdq,44633.0
0PmRXH4YFAtC6ipv8PsS0m,6213.0
3QRTdOa9TWLuaPrCa2OLXj,5295.0
66IC0uXoVyYT5q3R27bbZy,71959.0
7ji21BRR5NpJC4rWdsyJAP,5012.0
6rROXfjFzQyH2w9FAiVkq7,5797.0
55LECrJg4tLjhjSr6XDMg6,7430.0
5D1Btx3N9b6saYjTQDjT1j,161938.0
7E1duSMvHGUcYRgwrMZOUf,8765.0
21Ay8mJRYQuOMZp7qyQXl6,28686.0
649HpAJEsVk2VuCadjunXu,16888.0
0Ao3qWJKueyfs3iqwGN30F,26977.0
6KIS5YIZAyeiFNx1aE1OhY,38078.0
6eLBzWfMCfir6mOvBQfrrr,11003.0
3sc9YIcDSPCXsQ0zzX3JLW,25801.0
27qjcww3SKGeD4wTUOJEeh,5012.0
31NNxg7WYqs1bgRSFXgCf8,17979.0
3PDuPLArSTzKH2W2hKYjh0,27673.0
72QQfTR5KfRJbVxaDrSmWO,42522.0
4PvJYpFupJRGabJxUAYPk3,5795.0
7F54orEV7IMKtKG5X9Ig9y,8287.0
4zYrisQWPAWhV4acfag0li,237561.0
4ljhhfbv0RHhecZEhITUTG,6907.0
0xYSgQHddr1lh6IfqWgn2W,5308.0
3nXwzclWGnBHvcqmBjbpRj,63355.0
30P0bhT0Ebfl9Bxua0mzYr,7085.0
1XZp9CsjFdnZuiNzcGYKgP,10719.0
2c7xQrnP7XcuGV285ToEx3,9305.0
1vgK0H5a0wGMhnDOoUu0lH,32141.0
5sf3QtTTvilIFH5L7K6Bzl,10875.0
6sZ8y6NqtJx6xh4rFN0ggQ,8171.0
3B3FUgKPpSTpeHN5ubVQ9W,8157.0
7zSjskxzmhkzg9TD25JmFJ,14232.0
6aV2qifrzZkfT2PW3gsWDE,6104.0
6xPLxzoLEeDohJkT0Nf3ni,16134.0
6mbO2vYZhqySlMf0Q7O3mR,14169.0
39FFkPyRLQtYBJkgV6ETAw,86893.0
6zaqjLbBdfkdHUWtQzvrK2,31558.0
1J8D5X91FVdVZzChR9qPSY,33305.0
0dxanXUvtxRz5jhbcScFGU,29616.0
104gvc1JDyW1PXCW9GCP17,24428.0
0gSFaT7tHsY7APWDWecFnH,6768.0
2v57dbjigdKRh7MY6ME3WB,13030.0
1mJQoOICr4UlV6nG3EI4NN,32983.0
17u13Lzj9wCvRKGHyLwr54,9363.0
0VMh6D6ryDKoLFmd6EuqbU,7482.0
5JESuE80fvausWHjcT9QVh,39221.0
54Y0Rvaki4qklCCHiAc0vv,13350.0
5TxbKgY0scu8P5li3KgyMU,18640.0
5iLAU648CgzEupYdWuWdp5,7030.0
3tIrKa0ZuJrAX30UzqPVEW,40871.0
7oolgteFZL4lKQ7LcgYIhd,7055.0
58jQG1WGxnMvHmhmJMm8E2,8096.0
1fX0h6SaZBXwmr4haRvirQ,96592.0
7BZLNqU7zChzcnSo6ETJ5l,39194.0
1L9m2l2lhXgQ3GwmmCx3OK,22391.0
1qlFNfKWi0Diexd1UdJ6bN,10893.0
5m6sFcpBoYGjEQBbiieLbE,47711.0
0DUtmZD5TK6JwChuMql5ac,6022.0
5ai4jQKivOWxyXMJRgHckI,72643.0
0U3mtPkuvMJhccjg2EjtI3,14703.0
2n85jrwWWqTVHrSUXxvMs8,9286.0
4S0NYVAQdIb81uLoZoQmgq,264674.0
1Gt7IH9zWi0qo97wYWH8ZX,51617.0
5ICjVGmMFFiN52QoLo1H8U,17582.0
2oOkw8GAgQ1tFZy8MawO5A,8278.0
64dzPbchbmMzqXHNJa2n1G,16270.0
0DBlEACQU4DjVtzOvVIAal,6849.0
0i4mLwfyxnSSgF6hwIkU2L,37860.0
0E2qxmn7zOhG4RCLq4wajp,26596.0
3pc1vNqTREXlPoNYPGAZwU,6940.0
20ww8jYD26E0tvumeMoPCw,6749.0
452WSSzuklpg0w4RKTlkvn,93827.0
1WAKXJTfpz3a2718eXNNJq,26454.0
6jDx3MNG0yJdrvEBZohKBE,6535.0
6T5ZgoqcBaHvK98ZYEGUf9,25117.0
5CWooAhSbc6YaPrA6sNidV,33785.0
4eKYiCW1JL5VwjPKOrEGRs,13339.0
0Wk7DHKAYGVJjgU7YAWCV0,7488.0
3LQdQ2XVJ35xJLA7vjq7eR,33624.0
1SyQ6t9RdRBK0QUCS6a797,258155.0
4gQdwwPXSXnDkUh4jYqLoC,152260.0
33ZXjLCpiINn8eQIDYEPTD,5818.0
5Tbpp3OLLClPJF8t1DmrFD,1548127.0
0uEp9E98JB5awlA084uaIg,1156724.0
6m59VvDUi0UQsB2eZ9wVbH,1053883.0
0Fv6CfegUbD5Egs0dj8CVB,2537092.0
0Pu71wxadDlB8fJXfjIjeJ,418181.0
1gSDTZHemEViEBiXysrlo0,479271.0
1oTHteQbmJw15rPxPVXUTv,612184.0
2Ih217RCGAmyQR68Nn7Cqo,271729.0
27AHAtAirQapVldIm4c9ZX,440978.0
5PQmSHzWnlgG4EBuIqjac2,600224.0
0PV1TFUMTBrDETzW6KQulB,394470.0
2LjiPAQOVazT8sRyXL3XRs,1403634.0
0shK5iZQppbHPQYiy60xs9,404724.0
3vZO25GdYuqFrR1kzZADnp,861728.0
2vfvGlqCB7oertO5VLE0sz,541074.0
6YYd5MLpu45J0uLrMdivF7,225005.0
7EQvdUJqZ2i7SWvSB2VqGA,1237437.0
6JymsaWDHk2Yj4e0yNBIFH,458911.0
11d9oUiwHuYt216EFA2tiz,966044.0
7q6lr1W6cmGWijl5kCv5RG,1136613.0
6zOg9gP62RJSsKFeOBAgvH,234774.0
6C7ZgThn6Yan5MTZdAEEFw,247160.0
6hxn98poTu1O4YZfafvC18,258439.0
0IVAlb0cFCH1cQ974iR1TU,434633.0
7G3lxTsMfSx4yarMkfgnTC,1235958.0
30oTS7bm0aH3p7lqjEIu8q,189669.0
1Sgj10byiGzPpI2IrXSFEn,1125622.0
3Y6XWs8xMlCngyIxNOFnsp,541833.0
4LwU4Vp6od3Sb08CsP99GC,1329835.0
6hTBP6QLwJdxbKyLlLXrGo,215913.0
6DPrhGVJ1WTZvM9fKptnGe,566224.0
3gY6tiCNsuVi6s8kPV6aQg,528795.0
7bp5DfkdK1OAvNJ1U4HfDA,292076.0
7IwURvEfVcdxUCjLKUu6sv,500872.0
5Sm1X46tna50RstHZvw072,128309.0
7sKZWN4xVOSb4miTL1vRXx,695866.0
6CUWzTRmC1GjjSDTtiVfsI,48585.0
4qfUlchVD7WM4JhA5xio6m,508959.0
2p9sprAX27D6U5cuSE9NsM,136899.0
1v5cgIyffYtfEx0swttdoE,695743.0
48zajk3g8P3BMT7F9BbDoD,87177.0
5XLC8xoqyua4U7wJiZAWik,1106083.0
7x6hO9VMAee9x1iWaeNkL6,510590.0
61VlApj8p2ZaP0WTunTrKT,148044.0
2MYP61a4O2CcM9tEYwM0gf,10348.0
4NQcaKgDJzxcUT4Ap44d9s,1172886.0
4WMBl2wiGUSGa5C7tfQEAo,219459.0
740gNyGWKk98gy8nJLhHrv,460551.0
4GGbJ60q5HIN8wKOp9Xabz,197091.0
3yjVsUq8psgcHm8SQrZ8i4,36058.0
48ZUwXrEOhaXLCxvmRYhZv,82368.0
2C3QwVE5adFCVsCqayhPW7,114615.0
6l4wMAXzI8RxIysQMYZY0w,123253.0
7Kutf53V4k0CvU4nKu5oK6,59742.0
5xXL4i9L2ZbKBtENNh8fWY,110127.0
0UN5OvKlbg06LnZyVk48ll,69044.0
4TGHOWSNAwUXn5onDQr0P1,65347.0
47wZfF4OdME3xkIPhhpSSF,106189.0
3X414ZlCf5U7pcpIaIcUkT,526430.0
6OQrmEIK8KOOVcSoSaEo40,71314.0
4dmh3OPtAhbEybhGoOG9TE,581918.0
5l7icgnicl7JToRxPkSXyy,80221.0
7t86fVeDAd63ThaR0ZkxXS,203425.0
2YIjojA9bKEcD4ScEiBg2q,571081.0
4GdB5M7GbwLZLouktYocFC,438530.0
6SI4JD7iyQ0rrudhCNtMv0,427123.0
4EFxQ2V4NhYkN46eslYEWs,24379.0
4opGTspdCCVK9IG1b4k8yp,57026.0
0fpVsdhxofrLCZL1CWETxa,156831.0
34MRi5GRWHFUa731JBxFEl,118722.0
5wG7d4cNogw0ETKaICPEYA,86371.0
2mLjLAlChZXZpIZfyPF8Le,46275.0
5KBUiiDRPsocZlY2v3EtRk,28528.0
0UREO3QWbXJW3gOUXpK1am,3081580.0
71mNLAZsr1frFhpCa3JI8G,143129.0
2WRzpLD8qDRrxMXc63E5WJ,141082.0
4Xf27f2BIY6FmvifqxQ7RD,7480.0
53oWwSxPuyH2cjYKXH8fgO,581817.0
12LjNmRrdzhTn1vMcxN81m,107794.0
6Xo9osN1HErsEJoqwj4eDg,74551.0
16etD0jjMNdKsHByc48tOY,125082.0
3qVQZmK9iIXUYZknHG4EYQ,53820.0
67IvfvAMYQzJEeHopvwMMW,217221.0
1ofhfV90EnYhEr7Un2fWiv,2451532.0
6g5ov3aSDUvvDkQKIcmZQI,45427.0
4V3N5LvUOh3yDPP16cwAhE,639585.0
2WyLyygONxNBVtXCRLMjFY,36114.0
1RXEb6UTxJ05RffnAWfUOE,168320.0
5n276uEKrEFohrt42pP8Tf,236942.0
2ECYtCiyC3zLvFTybWv75p,109636.0
4OriPa2OXO6goScm81cjju,74317.0
1OYjATyA5kqLK3CfYfvg3y,237926.0
6FI3RJ58Ztl0X1VtA6pVs9,146212.0
5fyRqeycMofUoGmDis5Gu6,55474.0
3iZKQU7zgHw2tFuqD7mdqL,114006.0
1TeVeYATRojNVCH7q1APiv,44446.0
2oLwDI8tZUOh6SmTMRRfKs,486949.0
4xeCHrtDwf5QMRjNHSMukw,5508.0
1yUl2G3VJdkidTqXWBt2UD,17005.0
18tgx070tbAM4TKxEwzWaG,83182.0
2q8lHMMso6wx6pb5uwqzOs,132950.0
0T2AYQdV9KRC8y8FC1jKq4,203302.0
6w4MlvpuxtbjGdL9YeTx89,174159.0
08bn759cPYICtUPoYx29P0,59871.0
6LwrEZNkvFTOypNwSLjuaJ,862947.0
7f1UEGMBMuXfLBP5XANfrW,60978.0
0FpLfrOyHblbDlHUsrPN1N,37003.0
4PoqWtVeTMZTB7E9Uubwf9,48323.0
6Ag4SYLUGFdnJrCwUIb4mT,69346.0
5k7zON2QahcMSl4CFlJ0Kx,2537094.0
13AvIMuWOBUWGBhWGIHb6N,71073.0
6TCfbxgcjQwxCzM4Vmi6kf,555316.0
5mqPg2dyqb1gBNyg9ycGcT,493769.0
7N1Vjtzr1lmmCW9iasQ8YO,672714.0
1a1LNRtmRJ46EqjVja044n,115115.0
5N5fp1lYSORdZbWanACki9,306401.0
4EcwMZC5srOdOVUTIkQWkW,124642.0
3xv229qX6gFRYgplFCTKBl,84753.0
1n6pgjMma0nsl4jyMzmjxQ,20246.0
1aaoIHFT9UqhlaEwLAhh00,116071.0
4nBZIQ14fOYMxJvgbvHQpJ,93788.0
55RXcZ0Mpwt97vj2Angnn1,107108.0
3p50PUgtBHM6rwUuD3RfFV,276958.0
0nKB5mUdJ3YsTi4QudPwJv,32745.0
4zSmsHur194jO2hGCTt6Hn,103807.0
0PG5rPYaf19GiTf05urOBo,342948.0
5oS8YDcBrOzRV3H437J9m5,43190.0
4pdLZsxq0y5oJDb6Cxlokw,431455.0
7hfRrdFJgFKK3cJ4rmkecE,210679.0
0snDRsjNRMJhm7SVja8l6J,101604.0
5mxVKAuunOKqcBfR5ivbRf,325802.0
2dBHWIttcCBjPEXbaBvyDW,72213.0
3ZBSXNYdTZVaBUQI3E2rF6,280029.0
3pUcJxFI2wjhqmNGNIvunD,71247.0
7tx1TUJrT6qxXFXAELqbev,241828.0
6lEIjrQNwJPecJ7mMXjhjo,599644.0
56whVbEPZ2bRA5VboQPned,46240.0
4Ms0GKHCtr5Lpg4dKOhO2I,43102.0
42OhQBFNIbMyxRGxyPOvQA,212788.0
3eY9pixHny3kVRLeqNezQx,16763.0
77tHKMBRVkxOugr1Z3N4et,153362.0
0drHbXjNetXRrdcm81pxfw,48703.0
0msneWUDfYKAGrifwEDhtl,21461.0
77QvKUhVeyPVVHGFRgAmQd,7732.0
1DIXPcTDzTj8ZMHt3PDt8p,2963584.0
0CQGTqRcp8OS8wAO1BqWHU,240274.0
2rzafMh8q10vQGixcHupCh,11738.0
0Ed7MeXx64f6OcIuoTRCg1,417167.0
4IfK0yQdVsWVoQO44DedEG,6454.0
1tJRS17TxD5bwdTk8ehP93,261134.0
2pFqCPGkedpl5ThtyNvmEG,30924.0
2pMAmZdHfQHyqJCXJbfhK3,122807.0
3jqBLwtTiUYismDiZgAgPE,187603.0
3mFHyDEPrWnc29OlWUBtPI,61636.0
18Mh3v6rBCCpcNYzyaA2RN,75768.0
0cfqYhY6B8PbGF9vaVNUeG,133214.0
3MnwLa9KRUiv2gNFtWPvib,12342.0
5DGnlowf1fjT7VWsoeRDlb,103185.0
0Y1wsOHYGbNNNGeYjQJ8BL,85217.0
0l2o1LkTeVh7uQfePoXs7c,24349.0
35wnjozNOs9gIqcDypNRMZ,21483.0
69toZvLG490IrN6YtmN4wH,1237437.0
6tDxrq4FxEL2q15y37tXT9,2139023.0
6xbMd2P2B9Iey7iVyqsgtX,49875.0
0VOhoc5CtyjYLcCWy1Ds1t,16156.0
3cuy0jpSxGAoTuJE0KORoR,47028.0
2cZuNzaAGNFozlZTxSDU1g,73890.0
3Dh10QBwBWVQAMJNNhLRq4,36378.0
0hKr166QnNZ0a37G4UO0VY,61336.0
5qKqRkWnRTXNVWbEOOmGxk,97152.0
2FaZoB6xQohJKWmq8KlYke,53988.0
4UtqFgWCzESmaNfBd48TCn,64936.0
2CCoMFhrtBxSii1zR67BNm,295631.0
4dSv0xxbcYC4o4ubz70nkr,91553.0
04Rz403IY7QUqgfrTWX6OU,210496.0
3cFT8G5sU4ind7VmAPsV5d,30541.0
4dbZObCjUs95HtmEHfKbnU,116117.0
0g0VWoGnz4RDoUw1f8Wvcp,48105.0
6zrsmzrMoxNkXEQLubCWtA,109554.0
2QHmGfplU3ypWOGgJM46in,30633.0
5hOrYYtUd96bIOBjuSEArP,340109.0
1bb6bROP3OXMHcPw84MtmN,431141.0
11qJz7Likbhet3q0fqxC5B,61660.0
3uo2KJXe6xaQsHhbIHNVmP,18829.0
2io3tr0HmXMIGY06xnWb0J,97644.0
7AgMX97ljLm9BzszyyXEYZ,277365.0
3YAIOD20Mk64gNRYqf56k3,29393.0
6yZAdQyPJtXjATvAT8ERQg,47174.0
4ZvBRh1uWpZTKH5gNdVRdm,32499.0
25pl7kV4OxafIc9wPAggYf,202629.0
55iidKcV7570jUzlockime,727255.0
5wvxRlpUTSX9CE52yFZsIY,144719.0
7mYvtEeBdMqRSyj1Qpv6my,73290.0
0s1ZRvTz25JZgzd1rCSNGR,96414.0
4UZlEcQmkAeh4mYokk8TNs,20294.0
1EiLrPd8JMTcQUr1aLEUKi,145898.0
5ti4mhcnlDhC2J1CYUYhWQ,6166.0
5gUVdjfPWoaKoRiEMHBX6P,9187.0
4TboAbE2pCUUB0fk6Q9rUU,436176.0
29VrHhpC5AS9b7XJYDPhqb,33100.0
0WdH9jCdAkNzJi57TBxwHM,17378.0
0XgpiStoxq1IJncYlPrvZ5,208763.0
7l3ZNXBVVdhBz13Vo0kbLz,33490.0
1fotoYONO343JjbC8XvPSl,434777.0
6EQ4orawx8eo0aXH0pOKLE,133388.0
503OTo2dSqe7qk76rgsbep,1686897.0
63x2OcQds6Dnt41KZyVdGX,13914.0
3zXGMmgIygV00eFxyqmbeO,1172887.0
5Sl4762Gx7mbUV9R8Mrbut,26465.0
4Aujn3OS6bSqprR2UVGlfy,96350.0
2oSPru8bef0EMhF9tvMSLn,44979.0
3MPKTMJIxlORqcxw542HHK,11526.0
5GseQckHgP7uWyaiCd5ZW3,139835.0
1UTX5wGyy7IC6HeT5MmAJ1,106124.0
0B8drtTSp68pZdkmVrG9ZA,699166.0
4G01edX97eZlCmEbYewboU,105904.0
5jlVndwOZVzbAfGVHtetDX,39529.0
6Q9zbu651WpndktBRgTjVl,37897.0
20ZubgobJ4AeBg70OhGENM,43146.0
1wYp8ISMvX8qrflPrBU9Yo,197582.0
0iCWDU1S3hjQphZcD0UfIE,184990.0
1qB61CUkHHalhxapCrvMsE,23610.0
5ZlKf4HlgrtzSGV1bowNla,83733.0
4YbCZSeX3QhpEyQE5KAtio,36139.0
17RBo9rMMR2gOR842g4MVM,5147.0
3gRlmtdCyNoKiyozn2pqc9,500757.0
16yaPSIIWqCIYpFRcZHaE7,64203.0
0eEXcw3JLVXcRxYrVYMy68,598588.0
1k4lRM7YrGxJerGbf9VzXk,19140.0
1kxq2ByL62HX8YQQdvK3mz,68923.0
4u7hiFNXUeTG3A4dqQrkcd,62649.0
0R0zZnqPg7yOWb4PRmW8nC,317026.0
6JI5wNWYdBw68GZjOMmgK5,474782.0
0kU9oWqYnPeqEca3x2auV9,181098.0
2qqCS8wH4FNtgH7kVmF8Ub,121269.0
3e5dzvRUa536dwIgST2ryZ,14206.0
1kHPOtD1fo3kWOgcs0oisd,239941.0
5vxII6AxXbPsAJE5dAdBo9,81185.0
1iVdwLsbPsKnqUoZOWlEqv,38598.0
5sfXK6yQlY9vSzuR3f3oD8,132761.0
7iXF2W9vKmDoGAhlHdpyIa,3215825.0
5JF2C8MdEonfb2ryeZ9Bxe,31632.0
1ihXWWbKNIrb7S7ERA6Qcb,42981.0
40AbVw7NEu78pgafTWKZxJ,22618.0
67UpJLYBsYEAbe0Mm1xRf8,16303.0
7g2BVLCYyGeVHGGFajED65,77578.0
2wS1PObRyCywHdmog5eOWW,9792.0
2PYtNfNtOXMrUhGfzIm8pl,54273.0
3UhwS81S9L7i2byZCrhSAv,8908.0
0lZWjBImx6kNe3WtOA09Xu,69891.0
4dI2tnLrhe8u4jWjoLC5NK,12813.0
39Gxez6G1bcaXDILmD4UNq,7749.0
3l30bDO9Kn2XJ9H2azq5PY,64528.0
7aAZOl8GHF6ge391oY0Kmy,51349.0
5VEKqp658KuE7uIgTQDyVT,74036.0
4veKiWte7ppq5jEqcI1xEP,101794.0
5ka9tzfUYOsFAz6cSUvFX6,22016.0
3JlsUB5UZclm1MXYo4QV4O,478940.0
02nH7HXbs3i9kdWef9or8E,40635.0
2wIujxyI75Z6HQuq0NmJiR,8160.0
2QECh0fEPnaTxRWsVBrUz7,36976.0
1nsbj6cQQmfp9x7Mlmtphl,14859.0
4Y2EGk21K4WyycfH5jPArB,18677.0
30f3BvAdiGmQXOmXXwLL3h,109011.0
0vhiGS9UsCMq4RF0WgB6gP,10857.0
2mehHNForRahnPueLQAgfv,6703.0
6DWdTk7UaZ6LIYYCFvmgX7,97629.0
6f2xulX5HzsHMMh9BWUS7g,168641.0
2CPturRUlpvirYr7VpkXCV,715136.0
0P5sjlxkIRPE2IvNWdILGk,7864.0
5DLTWfzNkhcIIdNLqoVfxf,27023.0
4HfxDJ0uLHTLe0fZrx0MbQ,366775.0
2drQ6wg2hdl6RDslarifh8,6230.0
2qOm7ukLyHUXWyR4ZWLwxA,1971012.0
330XSiXMe9wHbE8Fy4gPth,146949.0
1LFqcpp3k7r9nHBH7Lsos4,181493.0
5CKvqCELeZqL6Y8zDQCSzF,62798.0
1oAfkfN23fNfbfJNfQy5iS,13876.0
1rkCDpUKvtVToCIwwPetBZ,39160.0
7y5A3Ge2GixgSTwCU6fu5p,77990.0
4wgr6gTTxKqol5hT1cPUdo,11308.0
5JU11Qh4eT0ZCxuKe08jAw,6512.0
7esR7jO5Fyl78B6CwwhZJy,105930.0
60XB3lgW3j3G5HeVeNgDL7,15542.0
0CT9dRh7mbYKGCPLwIcVqH,31319.0
0EWlF8mbOqr2hCK6EnDW9y,31632.0
7kSYnrGHR4OKT2dybiPG5v,10466.0
71XhXay6rKPZCVAaDtFlSR,429802.0
6T1FGOC96wa0vaZ6qIz8VK,55971.0
3EKiXW0H5BaJJFSSo73q3t,16139.0
1KONmY3enP3r3nIPQidWAy,42617.0
3LRfVmbqK95xWUVxLzbvda,16003.0
4tEaytMs86hIaOSsiGoLcP,222786.0
2AeVg9Nf6dAHweYkDowG1J,39601.0
3T790QTg0ebUUk5tCRbtbN,57716.0
5TQEggGtsutzhOsYFfCAtE,89936.0
18lEJ1SEujElAbdRGjNTZh,153537.0
3gN0dANbfEdlK3p31pqgw9,44846.0
5yoCWptgzcIk7vhXOw3gYe,30517.0
6qatELslus1BTsjWGJqlLL,15165.0
0LlGDYQ46ZIBuYbuYhQNoY,9603.0
1AHfovSnGPVYKaahRtA0U6,806395.0
4nyOj2XfLrNhw9BdanuBIp,48898.0
3x3eRMYIXSbPtMLZxldfE5,10604.0
6usCWRyRdplnEsWjpfwcxk,20691.0
2BMRUAA1oTc7e9JPlr6xbZ,188471.0
2MDa3Kd91MPSSCig38thCP,10566.0
7c2h4jzcyJsN1QzTb8ZpiZ,13506.0
7eAbyTWoq2XHIDFAslXsjN,12431.0
42aZFX1bcCDj75ue0KoNSd,32697.0
4iAYo83eWlktjw97oebIal,70606.0
4ufZSKCI84Pd2ZlWTJcu4i,169166.0
5HNWXHeqgZII2dC3YwjUaE,11883.0
57kdeoYzgGaKzRWj4XM1u8,520324.0
2NVodOCKi2PX2931PQK4hr,8280.0
1RjU7UhRICmdFPKxCucLgq,270445.0
7IDWGITwhvftz8eAj3KyXa,105679.0
5DOYik1z3Of1wAFfY3dYbC,60859.0
2LhhnqrHPWvXYveZVHLKrd,1413281.0
5bY54Wk5IjGwK91Hv8ukbw,68997.0
5nXQHx4yYKsZqrm7y4bj03,93913.0
3F3R4uyTMkX9jRCEVVmdz6,185653.0
71irkRXv8MoAoJo6oZjjAe,19529.0
4b2oFtCnvDqAAt6zGBO4sj,75510.0
7ktOcCYTypSCkMoYppOyTe,15531.0
0KwR2yIvknqi1V9BUFmZ2i,52571.0
7jM8Kk1CPcX6gyeWZjarBT,16202.0
0ZsjZirRsHOWUhOkl69JiR,18353.0
6qwFuoKqoDI1lOifvEVrPP,58057.0
4VQNCzfZ3MdHEwwErNXpBo,1540555.0
2YM9qQklVODlkC3T9YD0e0,28444.0
5g9lS8deSIxItFBmZRC4vN,1393025.0
0qNnE0beu4OfHk8Txa3vGt,33295.0
3sqtOf4b4qO8hnlal5mYdx,7677.0
3cJ15fdnjUNVQsY30eSIGD,23171.0
6NjXLhejj5dVjTyeU8SbVM,26263.0
7fjdGYrSJ2AepOQ7YKy2rs,20331.0
00ovV8FIZewk6NmLd8kZhi,210679.0
5JPCZLbqNBonKhC53JPu4A,31811.0
7nfGrjZf34FxqS0FWXM5B7,45967.0
1L6YNFDSQa8UjX7vzPXXD4,69687.0
3imhW53eCFyAcgfmWCWTlX,23503.0
3YQCClOSBrbKkeAhmGvkoP,32824.0
4Bf0UDkIOkCCZmbSzaPZna,14306.0
2H3Ee8gYFvCZ2ivuOl5wwI,11063.0
32nmZgbpSPeQA76TO62TP7,154358.0
4UmOTj2C2RIYvTWk5HqOf2,8304.0
02z9tkMxlQFu3wcNaGZOAv,90282.0
4ISp82TYvp9G3HTA2dPzQu,32397.0
1H6S9OkozTNvcASUX4Bfgb,163701.0
0p7H3kcuqKSzrJhEEAQZKc,55002.0
4C7Ss9bTPOWJMh3rarF1mN,200756.0
1OkHiYsPJBwhR5Jb0hz9Q1,120810.0
2gMWmiKdQpeNKXMOgZazDr,25993.0
1SWVDBtw6h3tm9OehOkDhv,1364215.0
1i7tKveM6Wo3dG31c5OwAL,208763.0
5MzwAqpTKoLA6dNr6bAn57,31632.0
6mNV7kX26cP6of64E6LqIV,45406.0
2tyF3qLQHDweok9i7r6t7m,12226.0
52PgJoRz30sRQGOGqXYKdX,144122.0
3sE17RqhRgZ0chuYZshVqn,10744.0
39VMTN5lZ9x41aySZGTbsJ,51535.0
35wUBvwdtylu6S1QO5cUur,34403.0
1U5qqEm2St0V1TfCYvmdu4,22955.0
4hpeJ796mV9r629N3IHXqS,10196.0
693W6FTio5UVt2id9ZLHCf,5709.0
2MAaiV0bbeq4FpSwPe2rR8,157860.0
5jRPgUmIGGbRVYIo0l0AxM,10849.0
4m3gxoAguorjKhon1lclXI,11188.0
6904O7JrAxFybd4yu3Sz2V,57574.0
7d9I42jF759n5HuUeoulzR,201769.0
4iQRBKPkfdegVSL5WlSyTu,22574.0
0pSaDwrMLM7F82LWJg9v6s,27152.0
32WDVNZXIAuu7EqncTTKjH,598588.0
47WX4SHMvBCTKqa1IohI2k,8155.0
3lecA86POu0jRaFIubASoT,86468.0
40JSjO17ltHsFWUlo2Y7Sc,31803.0
1p2460gsFzAH46mPneG0uL,19285.0
17tN6ru4kPXZhAIR36MG7f,13450.0
1NNAoUoADTegqQqbKOyIQv,57446.0
3DG2hUPMLKcFptV1Gv32oI,58235.0
2icouZbxwqoL63gHhO2vGd,73196.0
0Gf9OEI2BAGdDozc74wwYD,21907.0
3jE1ffzfKtnALJVGlXgl7D,33431.0
0dFnHw0HyFYi28ME8XD1lY,36960.0
7njnsewQzFssYI6F1RGwhn,32721.0
6nwAubYnLGl7F7cDuOoVLp,239167.0
20XdEFyaUR9C7aDIdq2OAd,282898.0
535U4fjkL23afslO5D91nz,18764.0
27YlMLaVRhOZZ6ba75iVB7,66419.0
4fTcyCfuS1FU1u6Y4yH36u,8680.0
4ObEiWAgyPAcL1rIteSUPw,6049.0
1SAkL1mYNJlaqnBQxVZrRl,1755027.0
3yNVfRQlUPViUh8O2V9SQn,510231.0
6vuYXvA0RTP8MOcJV2yYAN,36105.0
6tXzPIejGqMcvDMLB2yww8,5758.0
1yQqaXKClsOYHJuQSCZK7B,32906.0
1dm6nqs4dHU3ReXb4mDYht,17200.0
6GAemDMWAXa8wZOBkO1gar,351487.0
6S5SJlNXgrUBTLa58NMwGk,862947.0
4339KjMRnlrI8up0Pq8aaq,7307.0
3pL4Er2Dezj7MJ5yp25aMl,29166.0
2IyFYm8UYOjXWKxNJsG1yy,27093.0
0xbR9QnMLEFAwjEhKXqaIB,12225.0
3fmcUdEviDS838lC5rNRGi,11064.0
0bzFaHiymbvjmIDKf6XAbS,27129.0
380XEbtnhwgAA8ZR86BbGq,63819.0
0IIdUQntNOcOsLb7Q6NCK3,130026.0
0vbxOnEj10QBsFswwU4Hsv,22237.0
0Sizq91V0brNa9RBpMfeOB,31823.0
0FzxHygj55RdtuNhmSyGe5,145898.0
2PRsh2LNPxoxC9OnErnelg,520219.0
79sM5tBIBJascGwZWLN2fM,5646.0
5wcY4XgawQ2se8VjDLhedQ,637064.0
33EvfEwe9JrbEt0PP1lIbt,223957.0
4AE7Lj39VnSZNOmGH2iZaq,739430.0
7iwK7RjGGJW9jdPj8ny754,741271.0
2FWmKZ3kNbVsKGhuNHsltW,217175.0
3plNsz0KQaJjtW75gYTMEn,21435.0
1Ctqt1YBkiiShZZVZsModY,22974.0
4gXFUhyu4fzOgmV28BiJ9s,191792.0
3RJdwyIp02q99eXzmLSMos,33913.0
2LztWxB6LAJGcelKFhqJpu,35119.0
1ix7ZmDu6LAOjriSvMAVlr,53522.0
2arpMxzHUOta6rocpWMmKL,5902.0
31KK3pcPclmIt087tPuwMr,93869.0
4UCNGmp2jX1YhokWQk5Ak4,14063.0
5DIaZd2T8XohPHN72PkxTq,5485.0
5RK7cBkPvATJ9f7XMXoaBl,8885.0
34DES5skEhdS6cuD9JUuVo,18907.0
5LN1B9uVAVleCZ2euGarvi,204539.0
6aaPceG6TnixvAZQ1wBMdp,129082.0
2I5S4UqzgMdooPBc31EmgX,182637.0
65TRjBnkEdWEKVru5tBXNx,31341.0
1leJu6ZkevntkS9LuvKksq,35720.0
3DTl0VOkyprQN95ljYlHDj,45697.0
2KdsPGSUXbSZyq4oiDOqAe,95398.0
6vcNSoNXXjuOyXI5ssA31O,18239.0
1LuvccUiy1j9y8hpPBzQNh,32491.0
0n7e8Qvo7RFZHRzw2tHrDU,5185.0
1qZqFtSINOOmjYH1UE9805,761323.0
0LWkaEyQRkF0XAms8Bg1fC,727257.0
1BKT2I9x4RGKaKqW4up34s,478940.0
1oIRJfHsJP2qu8tkAI9g70,6612.0
0HhgyWVmUbcuzEFpICHjql,68764.0
